Student.ID,Course,AP.Class,Letter.Grade
177437,Math,N,A
177437,Science,N,B
177437,English,N,A
177437,History,N,C
119722,English,N,A
119722,Science,N,D
119722,History,N,C
119722,Math,N,F
119722,Athletics,,Y
197800,History,N,D
197800,English,N,C
197800,Science,N,B
197800,Math,N,C
120132,English,N,C
120132,History,N,A
120132,Science,N,C
120132,Math,N,C
136123,History,N,B
136123,English,N,D
136123,Math,Y,C
136123,Science,N,C
174258,Math,Y,A
174258,English,N,F
174258,Science,N,D
174258,History,N,C
174258,Athletics,,Y
197867,Science,N,B
197867,Math,N,D
197867,History,N,C
197867,English,N,B
197867,Athletics,,Y
149808,History,N,C
149808,Math,N,B
149808,English,N,A
149808,Science,N,B
101331,English,N,B
101331,Math,N,F
101331,History,N,A
101331,Science,N,D
125992,History,N,C
125992,Math,N,C
125992,English,N,B
125992,Science,N,C
177582,Science,N,A
177582,History,N,B
177582,Math,N,A
177582,English,N,D
101637,Science,N,C
101637,English,Y,A
101637,Math,N,B
101637,History,Y,A
109573,English,N,B
109573,Math,N,C
109573,History,N,F
109573,Science,N,B
109573,Athletics,,Y
114214,History,N,B
114214,English,Y,B
114214,Math,N,D
114214,Science,N,D
121109,History,N,B
121109,Math,N,C
121109,English,N,C
121109,Science,N,B
181114,English,Y,C
181114,History,N,B
181114,Science,N,C
181114,Math,N,A
181114,Athletics,,Y
103654,English,N,D
103654,Math,N,B
103654,History,N,F
103654,Science,N,C
103654,Athletics,,Y
189149,Math,N,C
189149,Science,N,A
189149,English,Y,C
189149,History,N,F
189149,Athletics,,Y
148315,Math,N,C
148315,History,N,B
148315,Science,N,C
148315,English,N,C
146658,Math,Y,A
146658,History,N,D
146658,Science,N,A
146658,English,N,B
146658,Athletics,,Y
198403,Science,N,D
198403,Math,N,A
198403,English,N,A
198403,History,N,B
160122,English,N,D
160122,History,N,A
160122,Math,Y,A
160122,Science,N,B
103833,English,N,D
103833,History,Y,C
103833,Math,N,B
103833,Science,N,A
103833,Athletics,,Y
114146,History,N,C
114146,Science,N,D
114146,Math,N,B
114146,English,N,C
180620,Math,N,C
180620,Science,N,C
180620,English,N,C
180620,History,N,C
126662,Math,N,C
126662,English,N,F
126662,Science,N,A
126662,History,N,B
104269,English,N,A
104269,Math,N,A
104269,History,N,F
104269,Science,N,A
104269,Athletics,,Y
161201,Science,N,B
161201,English,N,A
161201,History,N,C
161201,Math,N,B
155319,Math,N,B
155319,History,Y,A
155319,Science,N,C
155319,English,N,A
185326,Math,N,C
185326,Science,N,D
185326,English,N,C
185326,History,N,C
146964,English,N,D
146964,History,N,A
146964,Math,N,A
146964,Science,N,C
139749,Science,N,A
139749,History,Y,C
139749,English,N,C
139749,Math,N,A
180438,Science,N,B
180438,History,Y,B
180438,Math,N,A
180438,English,Y,A
150873,History,Y,C
150873,Science,N,C
150873,English,N,C
150873,Math,N,C
163470,English,N,C
163470,Math,Y,B
163470,Science,N,C
163470,History,N,D
149408,History,Y,C
149408,Math,N,C
149408,Science,N,D
149408,English,N,C
128003,Science,N,C
128003,English,Y,B
128003,Math,Y,C
128003,History,N,B
190838,History,Y,C
190838,English,N,C
190838,Math,N,B
190838,Science,Y,C
178382,History,N,C
178382,English,N,F
178382,Science,N,D
178382,Math,Y,C
155878,Science,N,B
155878,History,N,C
155878,English,N,B
124434,Science,N,C
124434,English,N,D
124434,Math,N,C
124434,History,Y,A
153075,Math,Y,B
153075,History,N,B
153075,English,N,A
153075,Science,N,C
111834,Science,N,F
111834,History,N,A
111834,Math,N,C
111834,English,N,F
198297,Science,N,B
198297,History,N,B
198297,English,N,F
198297,Math,N,B
198297,Athletics,,Y
189736,Science,Y,C
189736,Math,Y,B
189736,History,N,A
189736,English,N,A
189736,Athletics,,Y
173824,Science,N,C
173824,English,N,B
173824,Math,N,A
173824,History,N,B
137714,Science,N,F
137714,Math,N,D
137714,English,N,D
137714,History,N,B
160588,Math,N,A
160588,History,N,F
160588,English,Y,A
160588,Science,N,A
160588,Athletics,,Y
151195,Math,N,C
151195,History,Y,B
151195,English,N,C
151195,Science,N,B
198877,Science,N,A
198877,History,N,C
198877,English,N,A
198877,Math,N,B
106909,English,Y,C
106909,Science,N,A
106909,History,N,C
106909,Math,Y,B
108457,English,N,C
108457,History,N,C
108457,Science,N,B
108457,Math,N,A
112987,Math,Y,B
112987,Science,N,C
112987,History,N,B
112987,English,N,B
174574,English,N,B
174574,History,N,A
174574,Math,N,B
174574,Science,N,C
174574,Athletics,,Y
103885,English,N,A
103885,Science,N,A
103885,History,N,D
103885,Math,N,F
168526,Science,N,C
168526,History,N,C
168526,English,N,A
168526,Math,N,A
114389,Science,N,C
114389,Math,N,B
114389,History,N,D
114389,English,N,B
189058,History,N,C
189058,English,N,B
189058,Science,Y,A
189058,Math,N,F
108958,English,N,A
108958,History,Y,A
108958,Math,N,C
108958,Science,N,C
103771,Math,N,B
103771,English,Y,C
103771,Science,N,D
103771,History,N,C
103771,Athletics,,Y
177441,History,N,C
177441,English,N,A
177441,Math,Y,A
177441,Science,N,B
177441,Athletics,,Y
181157,History,N,A
181157,English,Y,C
181157,Science,N,B
181157,Math,N,C
181157,Athletics,,Y
126044,Math,N,C
126044,History,N,B
126044,English,N,C
126044,Science,Y,B
165119,English,N,D
165119,Science,N,A
165119,Math,N,C
192322,Math,N,D
192322,Science,N,C
192322,English,N,A
192322,History,N,D
192322,Athletics,,Y
126593,Science,Y,B
126593,Math,N,F
126593,English,N,B
126593,History,Y,A
126596,Science,N,C
126596,Math,N,C
126596,History,N,C
126596,English,N,C
191031,Science,N,F
191031,English,N,D
191031,History,N,C
191031,Math,N,C
159016,English,Y,C
159016,Math,N,B
159016,Science,N,C
159016,History,N,C
159016,Athletics,,Y
191752,History,N,B
191752,Math,N,B
191752,English,Y,A
191752,Science,Y,C
191752,Athletics,,Y
160337,History,N,F
160337,Math,N,B
160337,Science,N,A
160337,English,N,A
132803,History,N,C
132803,English,N,C
132803,Math,Y,A
132803,Science,N,D
166564,Science,N,C
166564,Math,Y,A
166564,English,N,D
166564,History,Y,B
166564,Athletics,,Y
187415,English,N,B
187415,History,N,C
187415,Math,N,B
187415,Science,N,C
187415,Athletics,,Y
106882,Science,N,D
106882,Math,N,C
106882,History,Y,A
106882,English,N,C
179287,English,N,A
179287,Science,N,C
179287,Math,N,B
179287,History,N,C
157099,Math,Y,A
157099,English,N,C
157099,History,N,C
104890,Math,N,D
104890,History,N,C
104890,Science,N,C
104890,English,N,C
197959,History,N,A
197959,Science,N,D
197959,Math,N,C
197959,English,N,C
191382,Math,Y,C
191382,Science,N,C
191382,History,N,A
191382,English,N,B
176535,History,N,A
176535,Math,N,A
176535,English,N,A
176535,Science,N,C
176535,Athletics,,Y
177522,History,N,C
177522,Science,N,C
177522,Math,N,C
177522,English,Y,A
131226,History,N,C
131226,Science,N,C
131226,English,N,A
131226,Math,N,C
184152,English,N,A
184152,History,N,F
184152,Math,N,B
184152,Science,Y,B
184152,Athletics,,Y
131388,English,N,B
131388,Math,N,C
131388,Science,N,A
175592,Science,N,B
175592,English,N,B
175592,History,N,D
175592,Math,N,A
175592,Athletics,,Y
196670,Science,N,A
196670,History,N,C
196670,Math,N,C
196670,English,N,B
196670,Athletics,,Y
116927,History,N,A
116927,Math,N,C
116927,English,N,B
116927,Science,N,B
169626,Science,N,B
169626,English,N,D
169626,Math,N,B
169626,History,N,B
169626,Athletics,,Y
187188,Math,Y,A
187188,English,N,B
187188,Science,N,C
187188,History,N,B
113235,Science,N,C
113235,History,N,F
113235,English,N,F
113235,Math,N,A
113235,Athletics,,Y
107844,History,N,B
107844,Science,N,C
107844,English,N,C
107844,Math,N,D
137787,Math,N,B
137787,English,N,B
137787,History,N,B
137787,Science,N,A
157909,Math,N,C
157909,Science,N,B
157909,History,N,C
157909,English,N,C
153592,Science,N,C
153592,Math,N,C
153592,English,N,D
153592,History,N,B
153592,Athletics,,Y
110842,Math,N,B
110842,History,N,A
110842,English,N,B
110842,Science,N,B
173961,English,N,C
173961,History,N,B
173961,Science,N,C
173961,Math,N,A
173961,Athletics,,Y
145135,English,N,A
145135,Science,N,C
145135,Math,N,C
145135,History,N,D
145135,Athletics,,Y
164548,History,N,A
164548,Science,Y,C
164548,Math,N,A
164548,English,N,C
174856,Science,N,B
174856,History,N,C
174856,Math,N,F
174856,English,Y,C
174856,Athletics,,Y
157771,Science,N,A
157771,History,N,A
157771,Math,N,A
157771,English,N,C
136903,History,N,C
136903,English,N,C
136903,Math,N,B
188044,English,N,B
188044,History,N,A
188044,Science,N,B
188044,Math,N,B
188044,Athletics,,Y
159864,Math,N,B
159864,Science,N,B
159864,English,N,C
159864,History,N,C
159864,Athletics,,Y
124151,Science,Y,D
124151,History,N,C
124151,English,N,C
124151,Math,N,C
199003,Science,N,A
199003,History,N,C
199003,Math,N,C
199003,English,N,C
199003,Athletics,,Y
127174,Science,N,B
127174,English,N,A
127174,History,N,C
127174,Math,N,A
127174,Athletics,,Y
122551,English,N,C
122551,Math,N,D
122551,Science,N,B
130620,History,N,B
130620,English,N,C
130620,Science,N,A
130620,Math,N,A
130620,Athletics,,Y
173527,English,N,D
173527,Science,N,C
173527,Math,N,D
173527,History,N,B
173527,Athletics,,Y
120564,English,N,C
120564,History,N,C
120564,Science,N,B
120564,Math,N,C
120564,Athletics,,Y
124191,History,N,C
124191,Science,N,F
124191,Math,N,D
124191,English,N,B
124191,Athletics,,Y
140621,English,N,D
140621,History,N,A
140621,Math,N,C
140621,Science,N,C
141086,English,N,C
141086,Science,N,C
141086,History,N,C
141086,Math,Y,A
141086,Athletics,,Y
122048,History,N,F
122048,Science,N,B
122048,English,N,A
122048,Math,N,C
186746,History,N,C
186746,Math,N,A
186746,Science,N,A
186746,English,N,C
186746,Athletics,,Y
176335,History,N,C
176335,Science,N,D
176335,Math,N,A
176335,English,N,C
121725,English,Y,A
121725,Science,N,B
121725,History,N,C
189866,Science,N,B
189866,Math,N,B
189866,History,N,A
189866,English,N,C
189866,Athletics,,Y
181517,History,N,B
181517,Math,Y,C
181517,Science,N,D
181517,English,N,A
181517,Athletics,,Y
115999,Science,N,B
115999,Math,N,D
115999,English,N,B
115999,History,N,C
115999,Athletics,,Y
156597,History,N,C
156597,Science,N,C
156597,English,N,B
156597,Math,N,F
156597,Athletics,,Y
118222,English,N,D
118222,Math,Y,A
118222,History,Y,B
118222,Science,Y,B
118222,Athletics,,Y
186679,English,N,C
186679,Science,N,C
186679,History,Y,C
186679,Math,Y,C
109359,Science,N,C
109359,History,N,A
109359,English,N,A
109359,Math,N,D
163743,English,N,C
163743,Science,Y,A
163743,History,N,B
163743,Math,N,C
197225,English,N,C
197225,Math,N,A
197225,History,N,B
197225,Science,N,D
100928,History,Y,C
100928,Science,N,B
100928,English,N,C
100928,Math,N,A
175018,Science,N,C
175018,History,N,B
175018,English,N,C
175018,Math,Y,C
175018,Athletics,,Y
110379,Math,Y,B
110379,English,N,C
110379,History,N,C
110379,Science,N,B
134322,Science,N,B
134322,History,N,B
134322,English,Y,C
134322,Math,Y,B
159032,English,N,C
159032,Science,N,B
159032,Math,N,D
159032,History,N,A
157284,History,Y,C
157284,Science,N,B
157284,Math,N,A
157284,English,N,B
157284,Athletics,,Y
194998,Math,N,B
194998,History,N,C
194998,English,Y,C
194998,Science,N,C
194998,Athletics,,Y
165449,Math,N,A
165449,History,N,B
165449,Science,N,C
165449,English,N,D
165449,Athletics,,Y
137684,English,Y,B
137684,Science,N,D
137684,History,N,C
137684,Math,N,D
137684,Athletics,,Y
194862,English,N,C
194862,History,N,A
194862,Science,N,A
194862,Math,N,C
157816,Science,N,A
157816,History,N,A
157816,English,N,A
157816,Math,N,C
147457,Science,N,B
147457,Math,N,F
147457,History,N,C
147457,English,N,A
147457,Athletics,,Y
125413,History,Y,A
125413,Science,N,C
125413,Math,N,C
125413,English,N,C
125413,Athletics,,Y
137532,Math,N,C
137532,History,N,A
137532,Science,N,C
137532,English,N,C
105272,History,N,F
105272,Math,N,A
105272,Science,N,C
105272,English,Y,C
144146,History,N,B
144146,English,N,F
144146,Science,N,C
144146,Math,N,B
144146,Athletics,,Y
169628,Math,N,D
169628,Science,N,F
169628,English,N,B
169628,History,N,B
175807,History,N,D
175807,Science,N,C
175807,English,N,C
175807,Math,N,B
175807,Athletics,,Y
111357,Science,N,B
111357,English,Y,B
111357,History,N,B
111357,Math,Y,B
157517,History,N,F
157517,Math,Y,A
157517,English,N,C
157517,Science,N,A
109903,Math,N,C
109903,Science,N,B
109903,English,N,B
109903,History,N,F
109903,Athletics,,Y
110958,History,N,D
110958,Science,N,B
110958,Math,N,C
110958,English,N,B
108899,Science,N,C
108899,Math,N,A
108899,History,N,C
108899,English,N,C
147300,English,N,D
147300,History,Y,B
147300,Science,N,A
147300,Math,N,C
147300,Athletics,,Y
135586,Math,N,B
135586,Science,N,A
135586,History,N,C
135586,English,N,A
121564,Math,N,B
121564,Science,N,A
121564,History,N,A
121564,English,N,C
157234,Science,Y,A
157234,Math,N,B
157234,History,N,A
157234,English,N,C
157234,Athletics,,Y
100162,English,N,D
100162,Math,N,C
100162,History,N,C
100162,Science,N,B
100162,Athletics,,Y
171710,English,N,C
171710,Math,N,C
171710,Science,N,D
171710,History,N,C
126470,History,Y,C
126470,Math,Y,C
126470,Science,N,C
126470,English,N,A
126470,Athletics,,Y
115359,History,N,B
115359,English,Y,C
115359,Science,N,C
115359,Math,N,C
115359,Athletics,,Y
128962,History,N,B
128962,Science,N,C
128962,Math,N,B
128962,English,Y,C
128962,Athletics,,Y
106712,History,N,C
106712,Science,N,C
106712,English,N,F
193035,Math,Y,A
193035,History,N,D
193035,English,N,B
193035,Science,N,A
193035,Athletics,,Y
113326,Science,Y,A
113326,English,Y,A
113326,History,N,A
113326,Math,N,B
181132,Math,N,C
181132,History,N,A
181132,English,N,F
181132,Science,Y,B
175802,Science,Y,C
175802,History,N,D
175802,English,N,F
175802,Athletics,,Y
137069,Math,N,C
137069,Science,N,B
137069,History,N,F
137069,English,N,B
195060,Math,N,C
195060,English,N,C
195060,History,Y,C
195060,Science,Y,C
109952,English,N,C
109952,Math,N,C
109952,History,N,B
109952,Science,N,B
130699,English,N,B
130699,History,Y,A
130699,Math,N,D
130699,Science,N,C
130699,Athletics,,Y
149343,English,N,C
149343,History,N,A
149343,Science,N,B
149343,Math,N,B
149343,Athletics,,Y
179862,Math,N,B
179862,History,N,C
179862,Science,Y,A
179862,English,N,B
184120,Science,N,D
184120,History,N,A
184120,Math,N,C
184120,English,N,B
164629,Science,N,C
164629,History,N,C
164629,Math,N,B
164629,English,N,C
165544,History,N,D
165544,Math,N,C
165544,Science,Y,C
165544,English,N,A
122804,History,N,B
122804,English,N,C
122804,Math,N,F
122804,Science,N,B
192240,Math,N,B
192240,History,N,C
192240,English,N,B
192240,Science,N,C
192240,Athletics,,Y
148439,English,N,C
148439,Math,Y,C
148439,Science,Y,C
148439,History,N,C
148439,Athletics,,Y
155364,Math,N,D
155364,English,N,A
155364,Science,N,B
155364,History,N,A
185134,Math,N,C
185134,Science,N,C
185134,History,N,B
185134,English,N,D
108971,Math,N,A
108971,Science,N,C
108971,English,N,D
108971,History,N,B
108971,Athletics,,Y
173963,History,N,C
173963,Science,N,C
173963,English,N,C
173963,Math,Y,A
131257,Math,N,A
131257,English,N,A
131257,Science,N,A
131257,History,N,C
110055,Math,N,B
110055,History,N,D
110055,English,Y,A
110055,Science,N,F
118373,Science,N,A
118373,English,N,F
118373,Math,N,A
118373,History,N,C
121331,Math,Y,C
121331,English,N,C
121331,Science,Y,A
121331,History,N,D
162455,English,N,C
162455,Science,N,B
162455,History,N,C
162455,Math,N,B
162455,Athletics,,Y
142721,History,N,A
142721,Math,N,B
142721,Science,N,A
142721,English,N,A
142721,Athletics,,Y
162236,History,N,C
162236,Math,N,F
162236,Science,N,C
162236,English,N,D
157656,Math,Y,A
157656,English,N,D
157656,History,N,B
157656,Science,N,F
157656,Athletics,,Y
114870,History,N,C
114870,Science,N,A
114870,English,N,A
114870,Math,N,A
157467,Math,N,C
157467,History,N,A
157467,English,N,C
157467,Science,N,C
157467,Athletics,,Y
164881,History,N,D
164881,Science,N,A
164881,English,N,C
164881,Math,N,C
164881,Athletics,,Y
163739,English,Y,C
163739,Math,N,C
163739,Science,N,A
163739,History,N,B
163739,Athletics,,Y
178593,Science,N,D
178593,History,N,B
178593,Math,N,B
178593,English,N,A
108046,English,Y,B
108046,Math,N,C
108046,Science,N,C
108046,History,N,B
108046,Athletics,,Y
128933,Science,N,C
128933,History,N,C
128933,English,N,F
128933,Math,N,D
122267,Science,N,B
122267,English,N,C
122267,History,N,D
122267,Math,N,A
156925,Science,N,B
156925,English,N,A
156925,Math,Y,A
156925,History,Y,C
125554,Science,N,A
125554,English,N,A
125554,History,N,C
151612,Science,N,B
151612,History,N,C
151612,Math,N,A
151612,English,N,C
151612,Athletics,,Y
176785,English,Y,C
176785,History,N,C
176785,Science,N,C
176785,Math,N,D
176785,Athletics,,Y
117137,Science,N,D
117137,History,N,C
117137,Math,N,C
117137,English,N,C
133842,Science,N,C
133842,English,N,A
133842,Math,N,C
133842,History,N,C
133842,Athletics,,Y
103456,Science,N,D
103456,History,Y,C
103456,English,N,A
103456,Math,N,C
103456,Athletics,,Y
137740,Math,N,B
137740,English,N,C
137740,History,Y,C
137740,Science,N,A
137740,Athletics,,Y
197447,History,N,A
197447,Math,N,C
197447,Science,N,C
197447,English,N,C
162702,Science,Y,C
162702,English,N,C
162702,Math,N,C
162702,History,N,B
162702,Athletics,,Y
179134,Science,N,C
179134,Math,N,B
179134,History,N,C
179134,English,Y,A
179134,Athletics,,Y
157488,History,N,D
157488,Math,N,C
157488,English,N,C
157488,Science,N,B
157488,Athletics,,Y
115841,Math,Y,C
115841,History,N,B
115841,English,N,F
115841,Science,Y,A
137484,Math,N,A
137484,Science,N,C
137484,English,N,B
137484,History,Y,C
171115,Math,Y,B
171115,English,N,C
171115,Science,N,C
171115,History,Y,C
171115,Athletics,,Y
164093,Math,N,C
164093,History,N,B
164093,Science,N,A
164093,English,N,A
121722,English,N,C
121722,Math,N,A
121722,Science,N,A
121722,History,N,A
183344,Math,N,C
183344,History,N,C
183344,English,Y,D
183344,Science,N,D
183344,Athletics,,Y
174959,Math,N,D
174959,History,N,C
174959,English,N,F
174959,Science,N,B
174959,Athletics,,Y
109246,History,N,C
109246,English,N,B
109246,Science,N,A
109246,Math,N,C
109246,Athletics,,Y
114598,English,N,C
114598,Science,N,C
114598,Math,N,B
114598,History,Y,B
122362,Math,N,D
122362,History,N,A
122362,Science,Y,C
122362,English,N,C
124014,Science,N,A
124014,History,N,B
124014,Math,Y,A
124014,English,Y,C
124014,Athletics,,Y
147815,English,N,B
147815,History,N,C
147815,Math,N,C
147815,Science,Y,A
147815,Athletics,,Y
117051,English,Y,B
117051,History,N,B
117051,Science,Y,A
117051,Math,N,A
159191,History,N,A
159191,Math,N,C
159191,Science,N,C
159191,English,N,A
159191,Athletics,,Y
142501,History,N,F
142501,English,N,B
142501,Math,N,C
142501,Science,N,C
142501,Athletics,,Y
178046,Science,N,B
178046,English,N,F
178046,Math,N,C
178046,History,Y,B
178046,Athletics,,Y
188902,Math,N,D
188902,English,N,C
188902,History,N,C
188902,Science,N,F
188902,Athletics,,Y
114170,Science,N,A
114170,English,Y,C
114170,History,Y,A
114170,Math,N,C
114170,Athletics,,Y
108706,Math,N,C
108706,Science,N,C
108706,History,N,B
108706,English,N,D
129786,Science,N,A
129786,English,N,A
129786,Math,N,A
129786,History,N,A
129786,Athletics,,Y
137711,English,N,C
137711,Math,N,D
137711,History,Y,A
137711,Science,N,F
130980,English,N,C
130980,Math,N,B
130980,History,N,C
130980,Science,N,C
185622,English,N,B
185622,Math,N,C
185622,Science,Y,A
185622,History,N,C
185622,Athletics,,Y
118509,Science,N,C
118509,English,N,C
118509,Math,N,B
118509,History,N,B
118509,Athletics,,Y
104560,Science,N,C
104560,Math,Y,C
104560,History,N,D
104560,English,Y,A
187730,Math,N,D
187730,English,N,A
187730,History,N,D
187730,Science,N,C
132584,English,N,B
132584,Math,N,C
132584,Science,N,A
132584,History,N,C
160907,English,N,C
160907,Math,N,F
160907,History,N,A
160907,Athletics,,Y
141281,Math,N,C
141281,Science,N,D
141281,History,Y,C
141281,English,N,B
141281,Athletics,,Y
163013,English,N,B
163013,Math,N,C
163013,Science,N,D
163013,History,N,F
163013,Athletics,,Y
102012,Science,Y,A
102012,Math,N,F
102012,English,N,C
102012,History,N,C
102012,Athletics,,Y
155911,English,N,C
155911,History,N,A
155911,Science,Y,C
155911,Math,N,B
121903,Science,N,B
121903,History,N,C
121903,English,N,C
121903,Math,N,B
121903,Athletics,,Y
171687,Math,N,B
171687,Science,N,B
171687,History,N,B
171687,English,N,F
188916,Science,N,C
188916,History,N,B
188916,English,N,A
188916,Athletics,,Y
171238,Math,N,D
171238,Science,Y,A
171238,History,N,B
171238,English,N,C
173645,Science,N,C
173645,English,N,C
173645,History,N,C
173645,Math,Y,A
174225,English,N,C
174225,Math,N,D
174225,History,N,B
174225,Science,N,D
184581,Science,N,D
184581,History,N,B
184581,Math,N,C
184581,English,N,B
169984,History,N,C
169984,English,Y,A
169984,Science,N,C
169984,Math,N,C
141121,English,N,C
141121,History,N,F
141121,Math,Y,A
141121,Science,N,B
166992,Science,N,D
166992,English,N,B
166992,History,N,A
166992,Math,N,B
166992,Athletics,,Y
187115,Math,N,A
187115,History,Y,B
187115,English,N,B
187115,Science,N,A
195621,History,N,B
195621,Math,N,C
195621,Science,Y,C
195621,English,N,B
195621,Athletics,,Y
160063,Science,Y,A
160063,History,N,D
160063,English,N,C
160063,Math,Y,B
195341,History,Y,A
195341,Math,N,C
195341,Science,Y,C
195341,English,N,C
130861,Math,N,B
130861,History,N,C
130861,English,N,C
130861,Science,Y,A
160858,English,N,B
160858,Science,N,B
160858,Math,N,A
160858,History,N,D
164344,English,N,C
164344,Science,N,A
164344,Math,N,A
164344,History,Y,A
192602,English,N,C
192602,Science,N,B
192602,History,N,C
192602,Math,N,C
112609,History,N,F
112609,English,N,B
112609,Math,N,A
112609,Science,N,C
112609,Athletics,,Y
111379,History,N,C
111379,English,N,C
111379,Science,N,C
111379,Math,N,B
175073,Science,Y,A
175073,English,N,F
175073,History,N,C
175073,Math,N,C
143556,History,N,C
143556,Science,N,C
143556,Math,N,C
143556,English,Y,A
143556,Athletics,,Y
177826,English,N,C
177826,History,Y,C
177826,Math,N,A
177826,Science,N,A
107594,Science,N,C
107594,English,N,B
107594,History,N,D
107594,Math,N,B
129891,History,N,B
129891,Math,N,C
129891,English,N,B
129891,Science,N,B
129891,Athletics,,Y
165249,History,N,A
165249,English,N,A
165249,Science,Y,A
165249,Math,Y,C
113064,Math,N,B
113064,English,N,B
113064,History,N,C
113064,Science,N,C
176338,History,N,B
176338,English,Y,C
176338,Science,N,C
176338,Math,Y,C
176338,Athletics,,Y
130788,Science,Y,A
130788,History,Y,B
130788,Math,N,D
130788,English,N,C
187458,History,N,B
187458,Math,N,A
187458,English,N,D
187458,Science,Y,D
187458,Athletics,,Y
163548,Science,N,B
163548,History,N,C
163548,English,N,C
163548,Math,N,A
163548,Athletics,,Y
134167,History,N,C
134167,Science,N,A
134167,English,N,F
134167,Math,N,C
134167,Athletics,,Y
142732,Math,N,C
142732,English,N,C
142732,Science,N,A
142732,History,N,C
184761,Science,N,C
184761,Math,N,A
184761,English,N,C
184761,History,Y,B
100081,Science,N,A
100081,English,N,C
100081,Math,N,A
100081,History,N,C
181134,Math,N,C
181134,English,N,C
181134,History,N,A
181134,Science,N,C
108721,Math,N,D
108721,History,N,A
108721,English,N,A
108721,Science,N,A
108721,Athletics,,Y
128825,Math,N,D
128825,Science,N,D
128825,English,N,B
128825,History,N,C
128825,Athletics,,Y
184713,History,N,C
184713,Math,N,C
184713,English,N,C
184713,Science,Y,A
184713,Athletics,,Y
180317,Math,N,C
180317,English,N,A
180317,Science,N,C
180317,History,N,C
180317,Athletics,,Y
199226,History,N,C
199226,English,N,A
199226,Science,N,D
199226,Math,N,A
152519,English,N,D
152519,History,N,C
152519,Math,N,B
152519,Science,N,C
152519,Athletics,,Y
111091,English,N,A
111091,Math,N,B
111091,Science,N,C
111091,History,N,C
194268,Math,N,A
194268,History,N,B
194268,English,N,C
194268,Science,N,B
172164,History,N,A
172164,Science,N,B
172164,English,Y,A
172164,Math,N,F
176431,English,N,A
176431,Science,N,C
176431,History,N,F
176431,Math,N,B
176431,Athletics,,Y
192791,History,N,D
192791,Science,N,C
192791,English,N,C
192791,Math,N,C
149733,Science,N,D
149733,English,N,D
149733,History,Y,B
149733,Math,N,A
172188,Science,N,F
172188,English,N,A
172188,History,N,D
172188,Math,N,C
172188,Athletics,,Y
136086,Math,N,D
136086,English,Y,A
136086,Science,N,B
115634,English,N,C
115634,Science,Y,A
115634,History,N,B
115634,Math,N,B
130248,Science,N,C
130248,English,N,C
130248,Math,N,B
130248,History,N,D
174046,English,N,B
174046,Math,N,B
174046,Science,N,C
174046,History,N,C
139850,History,N,A
139850,English,N,C
139850,Science,N,D
193201,English,N,C
193201,History,N,B
193201,Science,Y,A
193201,Math,N,A
194421,Science,N,A
194421,Math,N,A
194421,History,N,D
194421,English,N,C
154317,History,N,B
154317,English,N,C
154317,Science,N,B
154317,Math,N,B
183631,Science,N,C
183631,Math,N,C
183631,English,N,B
183631,History,N,A
155996,English,N,A
155996,Science,N,C
155996,Math,N,D
155996,History,N,D
170570,History,Y,A
170570,Science,N,B
170570,English,N,B
170570,Math,N,A
107047,History,N,F
107047,English,N,C
107047,Science,N,C
107047,Math,N,C
111963,History,N,A
111963,Science,N,B
111963,Math,N,B
111963,English,N,B
103096,Math,N,B
103096,Science,N,C
103096,History,N,A
103096,English,N,B
103096,Athletics,,Y
146160,English,Y,C
146160,Math,N,C
146160,Science,N,F
146160,History,N,C
144699,History,N,A
144699,Science,N,A
144699,English,Y,C
144699,Math,N,D
187024,History,N,C
187024,Math,N,C
187024,English,N,C
187024,Science,N,B
150333,Math,N,B
150333,History,N,B
150333,Science,N,C
150333,English,N,B
190017,Science,N,B
190017,English,N,C
190017,Math,Y,A
190017,History,N,B
104369,Science,N,B
104369,Math,Y,B
104369,English,N,C
104369,History,N,B
164133,Science,N,C
164133,English,Y,C
164133,History,N,C
164133,Math,N,A
164133,Athletics,,Y
169669,Science,Y,A
169669,Math,N,A
169669,History,N,B
169669,English,N,B
143101,History,N,B
143101,Math,N,A
143101,Science,N,C
143101,English,Y,A
182591,English,N,B
182591,Science,N,C
182591,Math,N,D
182591,History,N,A
183848,History,N,B
183848,English,N,F
183848,Science,N,A
183848,Math,N,B
192706,Math,N,F
192706,English,N,C
192706,History,N,F
192706,Science,Y,A
148382,Science,Y,C
148382,History,N,F
148382,English,Y,B
148382,Math,N,B
176098,English,N,F
176098,Science,N,A
176098,History,Y,C
176098,Math,N,F
172038,Science,N,A
172038,English,N,D
172038,History,N,B
172038,Math,N,C
172038,Athletics,,Y
116360,Science,N,A
116360,Math,N,C
116360,History,N,A
116360,English,N,C
116360,Athletics,,Y
198982,English,N,B
198982,Math,N,A
198982,History,N,B
198982,Science,N,B
198982,Athletics,,Y
142089,Math,N,B
142089,Science,N,C
142089,English,Y,C
142089,History,N,B
142089,Athletics,,Y
150868,History,N,B
150868,English,N,C
150868,Science,N,B
150868,Math,N,A
188133,English,N,A
188133,History,N,D
188133,Math,N,A
188133,Science,N,B
188133,Athletics,,Y
181325,Math,N,C
181325,English,N,C
181325,Science,N,C
181325,History,N,C
130928,English,N,C
130928,Science,N,B
130928,History,Y,A
130928,Math,N,C
130928,Athletics,,Y
128967,Science,N,A
128967,English,N,C
128967,Math,N,F
128967,History,N,A
198259,History,N,B
198259,English,N,C
198259,Science,N,D
198259,Math,N,B
198259,Athletics,,Y
148180,English,N,C
148180,History,N,B
110704,Science,N,B
110704,Math,N,B
110704,History,N,C
110704,English,N,D
189304,History,N,A
189304,Science,N,A
189304,English,N,B
189304,Math,N,A
173145,History,Y,A
173145,Science,N,A
173145,Math,N,B
173145,English,N,A
176164,Science,N,B
176164,History,N,B
176164,Math,N,D
176164,English,N,C
176164,Athletics,,Y
106671,English,Y,C
106671,History,N,C
106671,Science,N,D
106671,Math,N,C
106671,Athletics,,Y
158428,History,N,B
158428,Math,Y,B
158428,Science,N,D
158428,English,N,B
158428,Athletics,,Y
190769,Science,N,C
190769,Math,N,A
190769,History,N,C
190769,English,N,C
190769,Athletics,,Y
198966,Math,N,C
198966,History,N,C
198966,Science,N,C
198966,English,N,C
198966,Athletics,,Y
174747,History,N,C
174747,English,N,D
174747,Math,N,A
174747,Science,N,C
103263,Math,N,D
103263,English,N,C
103263,History,Y,A
103263,Science,N,C
125446,Math,N,C
125446,English,N,C
125446,History,N,C
125446,Science,Y,C
142319,History,N,C
142319,Science,N,D
142319,Math,N,A
136239,Math,N,A
136239,Science,Y,C
136239,History,N,D
136239,English,N,C
149032,Math,N,C
149032,English,N,C
149032,History,N,C
149032,Athletics,,Y
143282,English,N,F
143282,History,N,D
143282,Science,Y,B
143282,Math,N,D
156860,Science,N,C
156860,Math,N,C
156860,English,N,F
190478,English,N,B
190478,History,N,C
190478,Science,N,C
190478,Math,N,B
114903,Math,N,D
114903,English,N,A
114903,History,Y,C
114903,Science,N,C
140894,English,N,A
140894,Science,N,B
140894,History,N,C
140894,Math,N,C
138484,English,N,B
138484,Math,N,D
138484,Science,N,C
138484,History,N,B
138484,Athletics,,Y
134512,Math,N,A
134512,Science,N,A
134512,History,N,F
134512,English,N,B
134512,Athletics,,Y
118013,Math,N,C
118013,English,N,C
118013,History,N,F
118013,Science,N,C
118013,Athletics,,Y
124969,Math,N,B
124969,History,N,C
124969,English,Y,A
124969,Science,N,F
172103,Math,Y,A
172103,History,Y,A
172103,English,N,C
172103,Science,N,C
172103,Athletics,,Y
135558,Science,N,B
135558,Math,Y,A
135558,English,N,C
135558,History,N,D
175999,Science,N,A
175999,History,N,F
175999,Math,Y,A
175999,English,Y,A
100266,Math,Y,A
100266,English,N,C
100266,History,N,B
100266,Science,N,C
100266,Athletics,,Y
189930,History,N,B
189930,Math,N,F
189930,Science,N,A
189930,English,N,B
193391,Math,N,C
193391,History,Y,A
193391,Science,N,F
193391,English,Y,C
193391,Athletics,,Y
102868,Math,N,B
102868,English,N,A
102868,History,N,D
102868,Science,Y,D
102868,Athletics,,Y
157844,Math,N,A
157844,Science,N,C
157844,English,N,B
157844,History,N,B
131932,History,N,C
131932,Science,N,C
131932,Math,Y,A
131932,English,N,B
153222,English,N,C
153222,Math,Y,C
153222,History,N,C
153222,Science,N,C
184126,History,N,B
184126,English,N,A
184126,Math,N,C
184126,Science,N,B
100439,Math,N,B
100439,English,N,D
100439,History,N,C
100439,Science,N,D
100439,Athletics,,Y
123853,Math,N,C
123853,History,N,C
123853,Science,N,B
123853,English,N,B
108660,English,N,A
108660,Science,N,C
108660,History,N,B
108660,Math,N,C
142985,English,N,B
142985,Math,N,A
142985,History,Y,C
142985,Science,N,D
181402,Math,N,C
181402,English,Y,C
181402,History,N,C
181402,Science,N,C
181402,Athletics,,Y
168256,History,N,B
168256,Math,N,D
168256,English,N,D
168256,Science,Y,C
159477,English,N,C
159477,History,N,B
159477,Science,Y,B
164666,History,N,F
164666,Science,N,C
164666,English,N,C
164666,Math,N,C
164666,Athletics,,Y
188353,Math,N,A
188353,History,N,B
188353,English,N,C
188353,Science,N,C
188353,Athletics,,Y
174943,Math,N,D
174943,English,Y,A
174943,Science,N,B
174943,History,N,B
143915,Math,N,C
143915,English,N,B
143915,Science,Y,C
143915,History,N,C
176262,History,N,C
176262,Science,N,C
176262,Math,N,B
176262,English,N,A
160879,History,N,B
160879,English,N,C
160879,Math,N,C
122953,English,Y,C
122953,Science,N,C
122953,Math,N,B
122953,History,N,B
176808,Math,N,B
176808,Science,N,B
176808,English,N,C
176808,History,N,C
100343,English,N,C
100343,Science,N,B
100343,History,N,C
100343,Math,Y,A
130340,Science,N,A
130340,English,N,A
130340,Math,N,D
130340,History,N,A
130340,Athletics,,Y
167519,English,N,B
167519,Science,N,A
167519,History,N,C
167519,Math,N,A
182747,English,N,C
182747,Science,N,C
182747,Math,N,A
182747,History,N,A
197745,History,N,C
197745,English,N,C
197745,Science,N,A
197745,Math,N,B
101455,English,N,D
101455,Math,N,C
101455,Science,N,C
142581,Science,N,C
142581,English,N,C
142581,Math,N,C
142581,History,N,B
102593,Science,Y,C
102593,Math,N,C
102593,English,Y,C
102593,History,Y,A
149581,English,N,D
149581,Science,Y,C
149581,History,Y,A
149581,Math,N,F
149581,Athletics,,Y
178881,English,N,B
178881,History,N,A
178881,Math,N,F
178881,Science,N,C
178881,Athletics,,Y
153449,History,N,D
153449,Math,Y,C
153449,Science,N,A
153449,English,N,B
183196,Science,Y,A
183196,Math,N,C
183196,English,N,F
183196,History,N,C
183196,Athletics,,Y
125314,Math,Y,A
125314,Science,N,D
125314,English,N,C
125314,History,N,F
178830,English,N,F
178830,Math,N,C
178830,Science,N,C
178830,History,N,C
178830,Athletics,,Y
187031,Math,N,C
187031,English,N,B
187031,History,N,B
187031,Science,N,B
121568,Science,N,F
121568,English,N,A
121568,Math,N,B
121568,History,N,C
193610,Science,N,C
193610,English,N,B
193610,Math,N,D
193610,Athletics,,Y
113795,Science,N,A
113795,Math,N,C
113795,English,N,D
113795,History,N,B
138195,Math,N,A
138195,Science,N,C
138195,English,N,D
138195,History,N,C
138195,Athletics,,Y
143225,Science,N,D
143225,History,N,B
143225,English,N,B
143225,Math,N,B
129529,Math,Y,A
129529,English,Y,C
129529,Science,N,A
129529,History,Y,C
172182,History,Y,C
172182,Science,N,C
172182,English,N,C
172182,Math,N,C
172182,Athletics,,Y
133469,English,N,D
133469,Science,N,C
133469,History,N,B
133469,Math,N,C
197446,Math,N,D
197446,History,Y,B
197446,Science,N,B
197446,English,N,D
186261,Science,Y,D
186261,English,N,F
186261,History,N,F
186261,Math,Y,A
189818,History,N,B
189818,Science,Y,A
189818,Math,Y,B
189818,English,N,C
189818,Athletics,,Y
132416,History,N,A
132416,Math,N,D
132416,English,N,D
132416,Science,N,A
132416,Athletics,,Y
139553,English,N,F
139553,History,N,B
139553,Math,Y,B
139553,Science,N,A
139553,Athletics,,Y
126398,English,N,D
126398,Math,N,C
126398,History,N,C
126398,Science,N,C
126398,Athletics,,Y
190600,English,N,B
190600,Science,N,C
190600,History,N,C
183540,Science,N,B
183540,History,N,C
183540,Math,N,F
183540,English,N,D
171337,History,N,C
171337,English,N,B
171337,Science,Y,B
171337,Math,N,D
169275,Math,N,C
169275,Science,N,A
169275,History,N,C
169275,English,N,A
146424,English,Y,D
146424,Math,N,C
146424,History,Y,A
146424,Science,N,B
146424,Athletics,,Y
138411,History,N,A
138411,Math,Y,B
138411,English,Y,C
138411,Science,N,A
138411,Athletics,,Y
197260,Math,N,C
197260,History,N,B
197260,Science,N,A
197260,English,N,B
197260,Athletics,,Y
197435,History,N,A
197435,Science,N,F
197435,English,N,A
197435,Math,Y,B
192582,History,N,B
192582,Science,N,B
192582,Math,N,C
192582,English,N,D
184726,Science,N,B
184726,History,N,A
184726,English,N,B
184726,Math,N,F
188774,Math,N,B
188774,History,N,B
188774,English,N,F
188774,Science,Y,A
188774,Athletics,,Y
132251,Math,N,D
132251,History,N,B
132251,English,Y,B
132251,Science,N,C
158321,English,N,D
158321,Math,Y,B
158321,History,N,C
158321,Science,N,A
125234,Math,N,B
125234,English,N,F
125234,Science,N,A
125234,History,N,A
161119,History,N,C
161119,Math,N,B
161119,English,N,B
161119,Science,N,B
151486,History,Y,B
151486,Math,N,C
151486,Science,Y,B
151486,English,Y,C
170549,Science,N,B
170549,Math,N,D
170549,History,Y,C
170549,English,N,C
138300,English,Y,C
138300,Science,N,B
138300,Math,Y,C
138300,History,N,D
169084,Science,N,A
169084,Math,Y,A
169084,English,N,C
169084,History,N,B
148045,English,N,A
148045,Math,N,D
148045,History,N,A
148045,Science,N,C
127943,Math,N,C
127943,Science,N,C
127943,English,N,B
127943,History,N,C
127943,Athletics,,Y
111052,Math,N,B
111052,Science,N,C
111052,English,Y,B
111052,History,N,D
122428,English,N,C
122428,History,Y,A
122428,Science,N,C
122428,Math,N,C
119214,English,N,A
119214,Science,N,D
119214,History,N,A
119214,Math,N,B
176438,History,N,C
176438,Math,Y,C
176438,Science,N,B
176438,English,Y,A
114417,History,N,C
114417,Math,N,B
114417,Science,N,B
114417,English,N,D
139581,English,N,B
139581,Science,Y,F
139581,Math,N,F
139581,History,N,A
185287,English,N,B
185287,History,N,A
185287,Science,N,D
185287,Math,N,C
176136,History,N,C
176136,Math,N,C
176136,English,Y,B
176136,Science,N,C
134761,Science,N,C
134761,History,N,C
134761,Math,N,D
134761,English,N,B
125037,Science,N,C
125037,Math,Y,C
125037,English,N,B
125037,History,N,B
125037,Athletics,,Y
146617,Math,N,D
146617,English,N,C
146617,Science,N,C
146617,History,N,B
125852,History,N,F
125852,Math,N,A
125852,English,N,B
125852,Science,N,C
125852,Athletics,,Y
125028,Math,Y,C
125028,English,Y,C
125028,Science,N,D
125028,History,N,D
125028,Athletics,,Y
110441,History,N,C
110441,Science,N,C
110441,English,N,C
110441,Math,Y,B
110441,Athletics,,Y
147882,English,N,B
147882,Science,N,B
147882,Math,N,A
147882,History,N,B
158363,History,Y,A
158363,Math,N,C
158363,English,N,B
158363,Science,N,C
158363,Athletics,,Y
115696,English,N,B
115696,History,N,A
115696,Science,N,C
115696,Math,Y,C
115696,Athletics,,Y
184955,Math,N,B
184955,History,N,B
184955,English,N,C
184955,Science,N,D
184955,Athletics,,Y
179897,English,N,D
179897,Science,N,B
179897,History,N,C
179897,Math,N,D
179897,Athletics,,Y
106274,English,N,A
106274,History,N,C
106274,Science,N,B
106274,Math,N,B
106274,Athletics,,Y
177134,Math,N,C
177134,Science,N,F
177134,English,N,A
177134,History,N,D
185052,Math,N,C
185052,Science,N,C
185052,History,N,A
185052,English,N,B
195554,History,N,F
195554,English,N,C
195554,Math,N,B
195554,Science,N,F
152294,Math,N,D
152294,Science,Y,B
152294,English,N,D
152294,History,N,C
152294,Athletics,,Y
179116,History,N,A
179116,Math,Y,B
179116,English,N,F
179116,Science,N,B
193010,Science,N,B
193010,Math,N,B
193010,History,Y,A
193010,English,N,B
193010,Athletics,,Y
141397,History,N,C
141397,Math,N,C
141397,English,N,C
141397,Science,N,D
141397,Athletics,,Y
156832,Math,N,C
156832,History,N,B
156832,English,N,A
156832,Science,N,D
171205,English,Y,C
171205,History,N,C
171205,Math,N,A
171205,Science,N,C
171205,Athletics,,Y
149232,Science,N,C
149232,English,N,C
149232,Math,N,C
149232,History,N,C
131789,Math,N,C
131789,Science,N,A
131789,English,N,B
131789,History,N,B
131789,Athletics,,Y
145052,Math,N,B
145052,English,N,A
145052,History,N,C
145052,Science,N,C
191734,English,Y,A
191734,Math,N,C
191734,History,N,B
191734,Science,N,C
191734,Athletics,,Y
159112,Math,N,A
159112,English,N,B
159112,History,N,C
159112,Science,N,C
173919,History,N,D
173919,Math,N,C
173919,English,N,A
173919,Science,N,A
139327,History,N,C
139327,Math,N,C
139327,Science,N,C
139327,English,N,A
137926,English,N,C
137926,Science,N,C
137926,History,N,F
137926,Math,N,C
137926,Athletics,,Y
177566,English,N,C
177566,Math,Y,C
177566,History,N,C
177566,Science,N,C
144463,Science,N,D
144463,Math,N,D
144463,English,N,C
144463,History,N,C
179738,Science,Y,A
179738,Math,N,D
179738,English,Y,A
179738,History,N,B
105283,Math,Y,A
105283,English,N,F
105283,History,N,C
105283,Science,N,A
105283,Athletics,,Y
167278,Math,N,D
167278,History,N,C
167278,English,N,C
167278,Science,N,B
111024,History,N,A
111024,Math,Y,C
111024,Science,N,C
111024,English,N,C
111024,Athletics,,Y
155675,English,N,C
155675,History,N,C
155675,Math,N,C
155675,Science,N,A
157618,History,Y,B
157618,Science,N,C
157618,Math,N,B
157618,English,N,C
105345,History,N,A
105345,Science,N,C
105345,English,N,C
105345,Math,N,C
185715,History,N,B
185715,English,N,C
185715,Science,Y,B
185715,Math,N,B
154589,Science,N,B
154589,English,N,C
154589,Math,N,C
154589,History,N,C
154589,Athletics,,Y
119040,History,N,A
119040,English,N,A
119040,Science,N,A
119040,Athletics,,Y
112567,Math,N,A
112567,Science,N,C
112567,English,N,C
112567,History,N,C
112567,Athletics,,Y
140217,Science,Y,B
140217,Math,N,C
140217,English,N,B
140217,History,N,D
140217,Athletics,,Y
122705,Science,N,B
122705,History,N,A
122705,English,N,F
122705,Math,N,B
178721,Science,N,C
178721,English,N,D
178721,Math,N,C
178721,History,N,C
178721,Athletics,,Y
173876,Math,N,C
173876,English,N,F
173876,History,N,B
173876,Science,N,C
126372,History,N,A
126372,Science,N,A
126372,English,N,C
126372,Math,N,F
126372,Athletics,,Y
104954,Science,N,C
104954,Math,N,B
104954,History,N,B
104954,English,N,B
172380,Science,N,C
172380,Math,N,B
172380,History,N,C
172380,English,N,A
172380,Athletics,,Y
113790,History,N,A
113790,Science,N,C
113790,English,N,C
113790,Math,N,A
147154,English,N,C
147154,Science,N,C
147154,History,N,C
147154,Math,N,C
127020,History,N,C
127020,Science,Y,B
127020,Math,N,C
127020,English,N,C
127020,Athletics,,Y
135950,History,N,C
135950,Science,N,C
135950,English,N,C
135950,Math,N,D
139221,English,N,D
139221,History,N,C
139221,Science,Y,A
139221,Math,N,C
151390,History,N,B
151390,English,N,C
151390,Science,N,D
151390,Math,N,B
157233,English,N,B
157233,History,N,C
157233,Science,N,A
157233,Math,N,C
190895,English,N,D
190895,Math,N,A
190895,History,N,C
190895,Science,N,C
190895,Athletics,,Y
170875,Science,N,C
170875,Math,N,C
170875,English,Y,C
170875,History,N,A
170875,Athletics,,Y
128076,History,N,D
128076,Science,N,C
128076,Math,N,A
128076,English,N,A
173942,History,N,C
173942,Science,N,C
173942,Math,N,C
173942,English,N,B
173942,Athletics,,Y
133506,Science,N,C
133506,History,N,C
133506,Math,N,C
133506,English,N,C
108604,History,N,F
108604,Math,N,B
108604,Science,N,B
108604,English,Y,A
113632,Math,N,D
113632,History,N,D
113632,Science,N,C
113632,English,N,C
182907,English,N,C
182907,History,N,D
182907,Math,N,F
182907,Science,Y,C
127996,Math,N,B
127996,History,N,B
127996,English,N,B
131505,History,N,B
131505,Math,N,B
131505,Science,Y,B
131505,English,N,C
109303,Math,N,B
109303,English,N,C
109303,History,N,B
109303,Athletics,,Y
160743,History,N,C
160743,English,N,B
160743,Science,N,B
160743,Math,N,A
160743,Athletics,,Y
148376,Science,N,F
148376,English,Y,A
148376,History,N,C
148376,Math,N,D
149267,Science,N,C
149267,English,N,B
149267,History,N,A
149267,Math,N,B
161831,Science,N,C
161831,History,N,C
161831,English,N,C
161831,Math,N,D
129659,English,N,A
129659,Science,N,C
129659,History,N,C
129659,Math,Y,B
129659,Athletics,,Y
161907,History,N,A
161907,Math,N,C
161907,English,N,C
161907,Science,N,A
180534,English,N,A
180534,Math,N,B
180534,History,N,C
180534,Science,Y,B
134126,History,N,C
134126,English,N,F
134126,Science,N,F
134126,Math,N,C
120939,Science,N,C
120939,Math,Y,C
120939,History,N,C
120939,English,Y,B
176957,Science,N,A
176957,English,N,A
176957,History,N,C
176957,Math,N,C
176957,Athletics,,Y
195088,Science,N,A
195088,English,N,C
195088,History,N,C
195088,Math,N,C
195088,Athletics,,Y
128495,English,N,D
128495,Science,N,C
128495,Math,N,B
128495,History,N,F
107906,History,N,D
107906,English,N,C
107906,Math,N,B
107906,Science,N,C
107906,Athletics,,Y
165765,Math,N,B
165765,History,N,B
165765,Science,N,A
165765,English,N,C
131020,History,N,A
131020,Science,N,C
131020,Math,N,B
131020,English,N,C
162724,Science,N,A
162724,History,N,D
162724,English,N,F
162724,Math,N,B
160182,Science,N,B
160182,Math,N,C
160182,History,Y,A
160182,English,N,C
187216,Math,N,B
187216,History,N,D
187216,English,N,B
187216,Science,N,A
103404,Science,N,C
103404,History,N,A
103404,English,N,A
103404,Math,N,F
176766,English,N,C
176766,Math,N,A
176766,History,N,C
176766,Science,N,B
193196,Science,Y,C
193196,English,Y,C
193196,History,N,C
193196,Math,N,C
125289,Math,Y,B
125289,History,N,B
125289,English,N,D
125289,Science,N,D
139111,Math,Y,C
139111,History,N,C
139111,Science,N,A
139111,English,N,B
140567,History,N,C
140567,Science,N,A
140567,Math,N,C
140567,English,Y,C
164854,Math,N,B
164854,History,N,C
164854,English,Y,B
164854,Science,N,B
123161,Math,N,C
123161,Science,N,D
123161,English,Y,A
123161,History,N,D
123161,Athletics,,Y
123857,Science,N,C
123857,English,N,C
123857,Math,N,B
123857,History,Y,C
123857,Athletics,,Y
146094,English,Y,B
146094,Math,N,A
146094,Science,N,C
146094,History,N,B
146094,Athletics,,Y
107535,Science,N,C
107535,English,N,C
107535,History,N,C
107535,Math,N,B
173509,Science,N,B
173509,Math,N,C
173509,History,N,F
173509,English,Y,A
173509,Athletics,,Y
164426,Math,N,C
164426,English,Y,A
164426,Science,N,A
164426,History,N,B
164426,Athletics,,Y
149567,Math,N,D
149567,Science,N,D
149567,History,N,C
149567,English,N,B
183899,Math,N,A
183899,English,Y,B
183899,History,Y,C
183899,Science,N,A
183899,Athletics,,Y
142295,Science,N,C
142295,Math,N,B
142295,History,N,A
142295,English,Y,C
125784,Science,N,C
125784,History,N,B
125784,English,N,C
125784,Math,N,B
125784,Athletics,,Y
184270,Science,Y,C
184270,Math,N,C
184270,English,N,C
184270,History,N,C
184270,Athletics,,Y
132332,Science,N,C
132332,English,N,A
132332,History,N,B
132332,Math,N,C
107224,English,N,C
107224,Math,N,A
107224,History,N,B
107224,Science,N,C
141128,Math,N,D
141128,English,N,A
141128,History,N,A
141128,Science,Y,C
129277,History,Y,A
129277,Math,N,D
129277,Science,N,B
129277,English,N,D
129277,Athletics,,Y
100817,English,N,C
100817,Science,N,C
100817,History,N,C
100817,Math,N,C
116856,English,N,D
116856,Science,N,A
116856,History,N,D
116856,Math,N,A
116856,Athletics,,Y
110961,Science,Y,B
110961,English,N,B
110961,History,N,C
110961,Math,Y,A
135520,Science,N,D
135520,History,Y,C
135520,Math,Y,C
135520,English,N,C
135520,Athletics,,Y
147652,English,Y,C
147652,Science,Y,B
147652,History,N,B
147652,Math,N,B
147652,Athletics,,Y
162548,Science,N,B
162548,History,N,C
162548,English,Y,A
162548,Math,N,D
162548,Athletics,,Y
102903,History,N,D
102903,Science,N,B
102903,Math,N,D
102903,English,N,F
131578,Math,N,A
131578,History,Y,B
131578,Science,N,C
131578,English,N,C
131578,Athletics,,Y
130449,Math,N,B
130449,Science,Y,C
130449,History,N,B
130449,English,N,B
130449,Athletics,,Y
168470,Math,N,A
168470,English,N,A
168470,Science,N,C
168470,History,Y,C
168470,Athletics,,Y
155161,Science,N,A
155161,Math,N,C
155161,History,N,A
155161,English,N,B
177307,Science,Y,C
177307,History,N,C
177307,Math,Y,D
177307,English,N,B
175809,Math,N,A
175809,History,N,C
175809,English,N,C
175809,Science,N,C
142301,English,N,C
142301,Science,N,C
142301,Math,N,C
142301,History,N,C
142301,Athletics,,Y
196011,Science,N,D
196011,Math,N,C
196011,English,N,D
196011,History,N,C
196011,Athletics,,Y
193272,History,N,A
193272,Science,N,B
193272,English,N,F
193272,Math,Y,A
193272,Athletics,,Y
143390,Math,N,C
143390,Science,Y,A
143390,English,N,A
143390,History,N,B
136309,Math,N,B
136309,English,N,B
136309,History,N,C
136309,Science,N,B
192855,English,N,D
192855,History,N,B
192855,Math,Y,C
192855,Science,N,C
109305,History,N,C
109305,Math,N,A
109305,Science,N,B
109305,English,N,B
117683,Science,N,C
117683,English,N,C
117683,Math,N,C
117683,History,N,C
163075,Science,N,A
163075,English,Y,B
163075,Math,N,A
163075,History,N,C
163075,Athletics,,Y
142390,English,N,C
142390,History,N,A
142390,Science,N,B
142390,Math,N,B
124633,History,N,C
124633,Science,N,D
124633,Math,N,B
124633,English,N,D
124633,Athletics,,Y
167659,English,N,C
167659,History,N,C
167659,Math,N,C
167659,Science,N,B
194567,History,N,C
194567,Science,Y,C
194567,Math,N,C
194567,English,N,F
100553,History,N,B
100553,Science,N,C
100553,English,N,D
100553,Math,N,D
100553,Athletics,,Y
165388,Math,N,B
165388,English,Y,A
165388,Science,N,C
165388,History,N,C
165388,Athletics,,Y
146327,Science,N,A
146327,English,N,C
146327,History,N,C
146327,Math,N,B
185775,History,N,C
185775,Math,N,D
185775,Science,N,D
185775,English,N,D
119057,English,Y,B
119057,History,N,C
119057,Math,N,C
119057,Science,N,C
187714,English,N,C
187714,History,N,C
187714,Math,N,B
187714,Science,N,B
187714,Athletics,,Y
111628,History,Y,A
111628,English,N,D
111628,Math,N,D
111628,Science,N,F
111628,Athletics,,Y
187895,English,Y,C
187895,Science,N,C
187895,History,N,A
187895,Math,N,C
187895,Athletics,,Y
183946,Science,N,C
183946,Math,Y,C
183946,English,N,C
183946,History,N,D
183946,Athletics,,Y
154239,Science,N,D
154239,English,N,C
154239,Math,N,C
154239,History,N,B
133616,Science,N,D
133616,Math,N,B
133616,History,N,C
133616,English,N,A
160926,English,N,B
160926,Science,Y,C
160926,Math,N,B
160926,History,N,D
130182,History,N,A
130182,Math,N,C
130182,English,N,F
130182,Science,N,C
199086,History,N,C
199086,Math,N,C
199086,English,N,B
199086,Science,Y,C
199086,Athletics,,Y
124348,History,Y,A
124348,Science,N,C
124348,English,N,C
124348,Math,N,C
149170,Science,N,B
149170,English,N,A
149170,Math,N,B
149170,History,N,C
109782,History,Y,A
109782,Math,N,A
109782,English,N,D
109782,Science,N,C
109782,Athletics,,Y
154810,History,N,B
154810,English,N,D
154810,Science,N,C
154810,Math,N,D
154810,Athletics,,Y
106292,English,N,C
106292,History,N,F
106292,Science,N,C
106292,Math,N,B
106292,Athletics,,Y
111026,Science,N,B
111026,History,N,D
111026,Math,N,C
111026,English,Y,C
126365,History,N,D
126365,Science,N,C
126365,English,N,C
126365,Math,N,B
165532,Math,Y,C
165532,Science,N,B
165532,English,N,C
165532,History,N,B
110057,Math,N,A
110057,English,N,C
110057,History,Y,A
110057,Science,N,C
190976,Science,N,C
190976,Math,N,B
190976,History,N,C
190976,English,N,C
190976,Athletics,,Y
149007,Math,N,A
149007,Science,N,C
149007,History,N,D
149007,English,N,B
140591,History,N,C
140591,Math,N,C
140591,English,N,C
140591,Science,N,C
189634,Math,N,C
189634,History,Y,C
189634,English,N,B
189634,Science,Y,B
162485,Math,N,D
162485,English,N,A
162485,History,N,C
162485,Science,N,C
104866,Science,N,F
104866,History,N,C
104866,English,N,B
104866,Math,N,B
104866,Athletics,,Y
139258,History,N,D
139258,Science,N,C
125757,Science,Y,C
125757,English,N,C
125757,Math,N,B
125757,History,Y,A
132963,Science,N,C
132963,Math,N,B
132963,History,N,C
132963,English,N,B
132963,Athletics,,Y
166293,Science,N,C
166293,Math,N,F
166293,English,N,F
166293,History,N,C
162156,Math,N,C
162156,English,N,D
162156,History,N,F
162156,Science,N,C
162156,Athletics,,Y
150449,English,N,C
150449,Math,N,D
150449,History,N,C
150449,Science,N,D
128279,English,N,D
128279,Math,N,B
128279,Science,N,A
128279,History,N,A
135997,Science,N,C
135997,Math,N,A
135997,History,N,C
135997,English,N,B
176384,History,N,D
176384,English,N,C
176384,Science,N,D
176384,Math,N,B
129703,Math,N,C
129703,English,N,A
129703,History,N,C
129703,Science,N,D
136941,Science,N,C
136941,English,N,A
136941,Math,N,C
136941,History,N,D
136941,Athletics,,Y
103245,History,N,C
103245,Science,N,C
103245,English,N,C
103245,Math,N,B
114392,History,Y,A
114392,Science,N,B
114392,Math,N,C
114392,English,Y,A
146465,Math,Y,B
146465,History,Y,A
146465,Science,N,B
146465,English,N,C
146465,Athletics,,Y
146419,Science,N,A
146419,History,N,A
146419,Math,N,A
146419,English,Y,C
146419,Athletics,,Y
161610,Science,N,C
161610,Math,N,A
161610,English,N,A
161610,History,Y,C
199079,English,N,B
199079,Science,N,A
199079,Math,N,C
199079,History,N,C
191684,English,N,C
191684,Math,N,C
191684,History,Y,B
191684,Science,N,A
191684,Athletics,,Y
103056,Math,N,B
103056,Science,N,A
103056,History,N,B
103056,English,N,C
153431,History,N,C
153431,Math,Y,A
153431,English,N,C
153431,Science,N,C
132283,English,N,B
132283,History,N,D
132283,Math,N,C
132283,Science,N,C
191355,English,N,C
191355,Science,N,B
191355,Math,N,C
191355,History,N,C
135992,English,N,C
135992,History,N,D
135992,Math,N,C
135992,Science,N,A
125608,English,N,B
125608,History,N,C
125608,Math,N,F
125608,Science,N,C
125608,Athletics,,Y
177226,English,N,B
177226,History,N,C
177226,Science,N,D
177226,Math,N,A
105995,English,N,D
105995,History,N,D
105995,Math,N,B
105995,Science,N,C
114716,Math,N,B
114716,Science,N,A
114716,History,N,C
114716,English,Y,C
134784,Math,N,A
134784,Science,Y,B
134784,English,N,B
134784,History,N,B
134784,Athletics,,Y
172005,English,N,C
172005,Math,N,F
172005,History,N,C
172005,Science,N,B
172005,Athletics,,Y
116584,English,N,C
116584,Science,N,C
116584,History,N,C
116584,Math,N,C
162147,History,N,C
162147,Math,N,C
162147,English,N,C
162147,Science,N,C
121477,History,N,B
121477,English,N,A
121477,Science,N,C
121477,Math,N,C
121477,Athletics,,Y
107984,Science,N,C
107984,Math,N,B
107984,English,N,C
107984,History,N,B
185187,English,N,A
185187,History,N,C
185187,Math,N,A
185187,Science,N,C
185187,Athletics,,Y
153078,Science,N,A
153078,English,Y,F
153078,Math,Y,C
153078,Athletics,,Y
190543,English,N,C
190543,Science,N,F
190543,History,N,D
190543,Math,N,C
133699,English,N,B
133699,History,N,A
133699,Math,N,A
129610,History,N,D
129610,Math,N,C
129610,Science,N,B
129610,English,N,D
183457,Science,N,C
183457,English,N,B
183457,Math,Y,C
183457,History,N,C
105565,Science,N,B
105565,History,N,C
105565,Math,N,B
105565,English,N,C
124996,History,N,C
124996,English,N,C
124996,Math,N,C
124996,Science,N,F
110590,History,Y,A
110590,Science,N,D
110590,English,N,C
110590,Math,N,C
108397,History,Y,F
108397,Math,Y,A
108397,English,N,C
108397,Science,N,C
104594,Math,N,C
104594,English,Y,C
104594,History,N,D
104594,Science,N,B
164972,Math,Y,C
164972,History,N,A
164972,English,N,C
164972,Science,N,A
156342,Science,N,C
156342,Math,N,A
156342,History,N,C
156342,English,N,B
156342,Athletics,,Y
160101,Math,N,B
160101,English,N,A
160101,History,N,A
160101,Science,N,A
160101,Athletics,,Y
135874,Math,N,D
135874,History,N,C
135874,English,N,A
135874,Science,Y,C
147536,Science,N,A
147536,Math,N,A
147536,English,Y,B
147536,History,N,C
119957,Math,N,C
119957,History,N,B
119957,Science,N,D
119957,English,N,C
122148,English,N,B
122148,Science,Y,F
122148,Math,N,B
122148,History,N,A
194330,Science,N,F
194330,Math,N,B
194330,English,N,C
194330,History,N,D
194330,Athletics,,Y
103050,Math,N,C
103050,English,N,D
103050,History,N,A
103050,Science,N,F
103050,Athletics,,Y
140030,English,N,C
140030,Math,N,D
140030,Science,N,A
140030,History,N,C
157724,History,N,C
157724,Math,N,C
157724,English,N,A
157724,Science,N,D
179235,English,N,D
179235,Math,N,C
179235,Science,N,C
179235,History,N,D
121131,History,N,C
121131,Math,N,D
121131,Science,N,C
121131,English,N,B
173223,English,N,B
173223,Science,Y,C
173223,History,N,A
173223,Math,N,F
182936,English,N,B
182936,History,N,B
182936,Science,N,C
182936,Math,N,F
134016,English,N,B
134016,Science,N,C
134016,History,N,C
134016,Math,N,C
137060,English,N,A
137060,History,N,C
137060,Science,N,A
137060,Math,N,B
173766,English,N,B
173766,History,N,A
173766,Math,N,A
173766,Science,N,C
110161,Science,N,A
110161,History,N,A
110161,Math,N,C
110161,English,N,A
110161,Athletics,,Y
181565,English,Y,B
181565,Math,N,B
181565,History,Y,A
181565,Science,Y,B
181565,Athletics,,Y
171467,English,N,A
171467,Science,N,A
171467,Math,Y,A
171467,History,N,B
194259,Science,N,D
194259,History,N,D
194259,Math,N,C
194259,English,N,B
161073,Math,N,D
161073,History,N,A
161073,English,N,C
161073,Science,N,D
146253,English,N,A
146253,Math,N,C
146253,Science,N,C
168249,History,N,B
168249,Science,N,C
168249,Math,N,C
168249,English,N,C
168249,Athletics,,Y
184081,Science,N,B
184081,History,Y,F
184081,English,N,B
184081,Math,N,C
184081,Athletics,,Y
127350,Math,N,B
127350,History,N,A
127350,Science,N,C
127350,English,N,B
127350,Athletics,,Y
123365,Science,N,A
123365,Math,N,B
123365,English,N,A
123365,History,N,C
186347,History,N,C
186347,English,N,C
186347,Science,N,B
186347,Math,N,C
149418,Math,N,D
149418,History,Y,C
149418,English,N,C
149418,Science,N,B
152734,English,Y,A
152734,Science,N,B
152734,Math,N,A
152734,History,N,A
183927,History,N,B
183927,English,N,A
183927,Math,N,C
183927,Science,Y,A
123007,English,N,C
123007,Science,N,B
123007,History,N,C
123007,Math,N,B
100502,History,N,C
100502,English,Y,A
100502,Math,N,B
100502,Science,N,F
100502,Athletics,,Y
119651,History,N,B
119651,Math,N,C
119651,English,Y,D
119651,Science,Y,A
184542,English,N,C
184542,Math,N,B
184542,History,N,A
184542,Science,N,A
178950,History,N,D
178950,English,N,A
178950,Math,N,C
178950,Science,N,D
178950,Athletics,,Y
140515,Science,N,C
140515,English,Y,C
140515,History,Y,B
140515,Math,N,C
140515,Athletics,,Y
133915,Science,N,C
133915,English,N,A
133915,History,N,C
133915,Math,N,D
123741,Math,N,F
123741,English,N,B
123741,Science,N,B
123741,History,N,B
123741,Athletics,,Y
167506,History,Y,B
167506,Math,N,C
167506,Science,N,D
167506,English,N,D
116397,History,N,C
116397,Math,N,F
116397,Science,N,C
116397,English,N,C
153099,History,N,C
153099,English,N,D
153099,Science,N,C
153099,Math,N,C
153099,Athletics,,Y
191076,Science,N,B
191076,History,N,C
191076,English,Y,B
191076,Math,N,B
191076,Athletics,,Y
170330,History,N,A
170330,Science,N,C
170330,English,N,A
170330,Math,Y,B
170132,Science,N,B
170132,Math,N,D
170132,History,Y,A
170132,English,N,C
117971,History,N,F
117971,English,N,C
117971,Math,N,C
117971,Science,N,C
117971,Athletics,,Y
175491,Science,N,B
175491,Math,N,B
175491,English,N,C
175491,History,Y,B
189254,Science,N,A
189254,English,N,F
189254,History,N,B
189254,Math,N,C
172019,Math,N,C
172019,Science,N,C
172019,History,N,F
172019,English,N,C
172019,Athletics,,Y
119277,Math,N,D
119277,History,N,F
119277,English,N,A
119277,Science,N,B
170644,Science,N,C
170644,Math,N,D
170644,English,N,C
170644,History,Y,C
170644,Athletics,,Y
191132,Math,N,C
191132,History,Y,C
191132,English,Y,C
191132,Science,N,C
185837,History,N,B
185837,Math,N,A
185837,English,N,A
185837,Science,N,B
160559,Science,N,C
160559,English,N,C
160559,History,N,B
160559,Math,N,B
128007,History,N,C
128007,Science,N,B
128007,English,N,A
128007,Math,N,B
196512,Science,N,C
196512,Math,N,B
196512,English,Y,B
196512,History,N,C
153185,English,N,C
153185,Math,N,B
153185,Science,Y,A
153185,History,N,A
153185,Athletics,,Y
122576,English,N,D
122576,Science,Y,C
122576,Math,N,C
122576,History,N,C
122576,Athletics,,Y
159554,Science,Y,F
159554,History,N,B
159554,English,N,C
159554,Math,N,F
115300,Science,N,A
115300,English,N,A
115300,Math,N,B
115300,History,N,B
146051,History,Y,B
146051,Science,Y,C
146051,English,N,C
146051,Math,N,C
184002,English,N,C
184002,Math,N,C
184002,Science,N,C
184002,History,N,A
143235,English,N,B
143235,Science,N,D
143235,History,N,B
143235,Math,Y,B
143235,Athletics,,Y
176812,English,Y,A
176812,History,N,B
176812,Science,N,C
176812,Math,N,F
109603,Science,Y,C
109603,English,N,A
109603,Math,N,B
109603,History,N,B
142193,Science,N,C
142193,Math,N,B
142193,History,N,B
142193,English,N,D
157306,Science,N,F
157306,English,N,C
157306,Math,Y,C
157306,History,N,C
157306,Athletics,,Y
147235,English,N,A
147235,Math,N,C
147235,Science,N,A
147235,History,N,C
147235,Athletics,,Y
117435,English,N,C
117435,History,N,C
117435,Science,N,B
117435,Math,N,C
117435,Athletics,,Y
123321,Science,N,C
123321,English,N,B
123321,History,N,C
123321,Math,Y,D
143126,Math,N,B
143126,English,N,A
143126,Science,N,C
143126,History,N,B
143126,Athletics,,Y
157073,Math,N,C
157073,History,N,C
157073,English,N,D
157073,Science,N,A
198502,Science,N,C
198502,History,N,C
198502,Math,N,C
198502,English,N,C
175079,English,N,D
175079,Science,N,C
175079,History,N,A
175079,Math,N,A
135962,Science,N,B
135962,Math,N,D
135962,History,N,C
135962,English,N,B
154342,Math,N,C
154342,Science,N,C
154342,History,N,A
154342,English,N,A
118462,Math,N,D
118462,English,N,C
118462,Science,Y,B
118462,History,N,B
152075,Science,Y,C
152075,History,N,B
152075,Math,N,C
152075,English,N,A
122345,History,N,C
122345,English,N,D
122345,Math,N,A
122345,Science,N,F
190477,History,Y,D
190477,English,N,A
190477,Science,N,C
190477,Math,N,B
175834,Math,N,A
175834,History,Y,C
175834,English,N,C
175834,Science,N,A
133868,Science,N,A
133868,History,N,B
133868,English,N,A
133868,Math,N,C
181445,English,Y,C
181445,Math,N,B
181445,History,N,B
181445,Science,N,C
197759,History,N,C
197759,English,N,C
197759,Math,Y,A
197759,Science,N,C
197759,Athletics,,Y
139956,Science,N,D
139956,History,N,A
139956,Math,N,A
139956,English,N,D
139544,Math,N,C
139544,History,N,B
139544,English,N,F
139544,Science,N,C
139544,Athletics,,Y
135280,English,N,F
135280,History,Y,C
135280,Science,N,A
135280,Math,N,D
198905,History,N,F
198905,Math,N,A
198905,English,N,C
198905,Science,N,C
141784,Science,N,D
141784,English,Y,A
141784,Math,N,C
141784,History,N,C
181904,English,N,C
181904,Science,N,A
181904,Math,N,C
181904,History,Y,C
181904,Athletics,,Y
105361,English,N,C
105361,History,N,C
105361,Math,N,F
105361,Science,N,A
112575,Science,N,D
112575,English,N,A
112575,History,N,A
112575,Math,N,B
197600,Science,N,C
197600,English,N,B
197600,Math,N,B
197600,History,N,C
197600,Athletics,,Y
143488,Math,N,D
143488,History,N,A
143488,English,N,C
143488,Science,N,B
143488,Athletics,,Y
109702,History,N,C
109702,English,N,B
109702,Science,N,B
109702,Math,N,B
109702,Athletics,,Y
114357,Science,N,C
114357,Math,N,C
114357,History,N,B
114357,English,N,A
169456,Science,Y,C
169456,Math,N,C
169456,English,N,C
169456,History,N,C
195696,English,N,C
195696,Science,N,D
195696,Math,Y,C
195696,History,N,C
156757,Math,N,B
156757,English,N,C
156757,History,N,C
156757,Science,Y,B
156757,Athletics,,Y
196890,Science,N,B
196890,Math,N,C
196890,History,N,C
196890,English,N,B
176051,Math,N,D
176051,English,Y,B
176051,History,N,C
176051,Science,N,A
135067,English,N,C
135067,Science,N,D
135067,History,N,C
135067,Math,N,C
135067,Athletics,,Y
166232,Math,N,A
166232,History,Y,B
166232,Science,N,B
166232,English,N,B
180609,History,N,D
180609,English,N,C
180609,Science,N,C
180609,Math,Y,B
180609,Athletics,,Y
167562,Math,N,A
167562,History,N,D
167562,English,N,A
167562,Science,N,B
141406,Math,N,D
141406,Science,N,C
141406,English,N,C
141406,History,N,B
162656,History,N,A
162656,Math,N,F
162656,Science,N,A
162656,English,N,A
162656,Athletics,,Y
183931,History,N,F
183931,Science,N,F
183931,English,N,A
183931,Math,N,D
131238,English,N,C
131238,History,N,A
131238,Math,N,A
131238,Science,N,B
161839,History,N,B
161839,Math,N,C
161839,English,N,C
161839,Science,N,B
161839,Athletics,,Y
124703,Math,N,A
124703,History,Y,C
124703,English,N,C
124703,Science,N,A
124703,Athletics,,Y
116902,History,N,C
116902,Science,N,D
116902,English,N,B
116902,Math,Y,B
116902,Athletics,,Y
105244,English,N,A
105244,Math,N,C
105244,Science,Y,A
105244,History,N,B
105244,Athletics,,Y
134974,Math,N,B
134974,Science,N,C
134974,English,N,F
134974,History,N,A
171001,History,N,C
171001,Science,N,B
171001,Math,N,B
171001,English,N,C
176361,History,N,B
176361,Science,N,D
176361,Math,N,D
176361,English,N,D
104362,Science,N,C
104362,History,N,B
104362,English,N,B
104362,Math,N,C
129435,History,N,B
129435,English,N,B
129435,Science,N,B
129435,Math,N,F
136998,English,N,C
136998,Math,N,C
136998,Science,Y,B
136998,History,Y,C
160184,English,N,C
160184,Math,N,B
160184,History,N,B
160184,Science,N,C
117312,Science,N,C
117312,Math,N,A
117312,History,N,A
117312,English,N,A
132315,Math,N,A
132315,English,N,D
132315,Science,N,B
132315,History,N,C
152731,Science,N,B
152731,English,N,D
152731,History,N,A
152731,Math,N,A
152731,Athletics,,Y
121166,English,N,C
121166,Math,N,A
121166,History,N,C
121166,Science,N,A
110905,Science,N,A
110905,English,N,C
110905,History,N,C
110905,Math,N,A
110905,Athletics,,Y
146702,Science,N,A
146702,Math,N,C
146702,English,N,C
146702,History,N,B
146702,Athletics,,Y
101817,English,N,C
101817,Math,N,B
101817,Science,Y,C
101817,History,N,B
160734,History,N,C
160734,Science,N,C
160734,Math,N,D
160734,English,N,F
133175,History,N,C
133175,English,N,C
133175,Science,N,B
133175,Math,N,B
197552,Science,Y,B
197552,Math,N,D
197552,History,Y,A
197552,English,N,F
162911,Math,N,F
162911,History,N,C
162911,Science,N,B
162911,English,N,C
174601,Science,N,C
174601,History,N,C
174601,Math,N,C
174601,English,N,C
174601,Athletics,,Y
127134,Math,N,C
127134,English,N,C
127134,History,N,A
127134,Science,Y,C
124167,History,N,C
124167,Math,N,A
124167,Science,N,B
134756,History,N,C
134756,English,Y,A
134756,Math,N,C
134756,Science,Y,A
147954,Science,Y,C
147954,English,N,A
147954,History,Y,C
147954,Math,N,A
196586,History,N,B
196586,Math,N,C
196586,English,N,B
196586,Science,N,D
121723,History,N,A
121723,Science,N,C
121723,English,N,B
121723,Math,N,C
121723,Athletics,,Y
148824,English,N,C
148824,Science,N,D
148824,History,N,C
148824,Math,N,A
171691,History,N,A
171691,Science,Y,C
171691,Math,N,C
171691,English,N,F
171691,Athletics,,Y
150306,History,N,C
150306,English,N,F
150306,Math,Y,C
150306,Science,N,A
106959,Science,N,B
106959,English,N,A
106959,Math,N,B
106959,History,N,C
101929,Math,N,A
101929,Science,N,D
101929,English,N,D
101929,Athletics,,Y
120396,English,N,C
120396,Math,N,B
120396,Science,N,D
120396,History,N,A
120396,Athletics,,Y
174827,Science,N,D
174827,Math,N,D
174827,English,N,C
174827,History,N,B
162546,History,N,A
162546,Math,N,B
162546,English,N,C
184230,Math,N,A
184230,English,N,C
184230,History,N,B
184230,Science,N,B
105061,History,N,C
105061,Math,N,C
105061,English,Y,B
105061,Science,N,D
179728,English,N,C
179728,Science,N,F
179728,History,Y,C
179728,Math,N,C
179728,Athletics,,Y
157879,Science,N,A
157879,English,N,C
157879,History,N,B
157879,Math,N,D
187966,History,N,A
187966,Math,N,A
187966,Science,N,A
187966,English,N,A
194274,Science,N,B
194274,History,N,D
194274,English,N,A
194274,Math,N,C
107271,Math,N,C
107271,English,N,B
107271,Science,Y,B
107271,History,N,C
182767,History,N,F
182767,Science,Y,C
182767,Math,N,C
182767,English,N,C
136034,Science,N,B
136034,English,N,B
136034,History,N,A
136034,Math,N,C
144101,History,Y,F
144101,English,Y,B
144101,Science,N,C
144101,Math,N,C
194659,English,N,B
194659,Science,N,C
194659,Math,N,C
194659,Athletics,,Y
101036,Science,N,B
101036,English,N,B
101036,Math,N,C
101036,History,N,C
127139,Math,N,C
127139,English,N,C
127139,History,N,A
127139,Science,N,C
182408,Math,N,C
182408,Science,N,D
182408,English,N,D
182408,History,N,A
181642,Science,N,A
181642,English,N,C
181642,History,N,C
181642,Math,N,B
138956,Science,N,A
138956,Math,N,A
138956,English,N,D
138956,History,N,D
172934,Science,N,C
172934,History,N,F
172934,English,N,C
172934,Math,N,C
189419,Math,N,A
189419,English,Y,C
189419,History,N,D
189419,Science,N,B
108157,Science,N,A
108157,English,N,C
108157,Math,N,B
108157,History,N,C
108157,Athletics,,Y
136590,Science,N,A
136590,History,N,F
136590,Math,N,B
136590,English,N,A
136015,English,N,C
136015,Math,N,B
136015,History,N,B
136015,Science,Y,C
148418,Science,N,D
148418,Math,N,B
148418,History,N,A
148418,English,N,C
179422,Math,N,D
179422,English,N,B
179422,History,Y,A
179422,Science,N,C
179422,Athletics,,Y
157130,Math,N,B
157130,English,N,B
157130,Science,N,A
157130,History,N,D
178102,Math,N,D
178102,English,Y,C
178102,Science,N,B
178102,History,N,A
184252,Science,N,C
184252,History,N,A
184252,English,N,C
118853,Science,N,F
118853,English,N,B
118853,History,N,C
118853,Math,N,F
152961,History,N,C
152961,English,N,D
152961,Science,N,C
152961,Math,N,C
182665,Math,N,D
182665,History,N,C
182665,Science,Y,C
182665,English,N,C
182665,Athletics,,Y
174830,Math,N,B
174830,History,N,C
174830,Science,N,B
174830,English,N,A
142687,Math,N,C
142687,English,N,B
142687,Science,N,C
142687,History,Y,C
142687,Athletics,,Y
174906,Science,N,B
174906,Math,N,A
174906,History,N,A
174906,English,N,B
131385,English,N,B
131385,History,N,B
131385,Math,N,B
131385,Science,N,B
181480,English,N,B
181480,History,N,A
181480,Math,N,B
181480,Science,N,B
181480,Athletics,,Y
164410,Math,N,C
164410,History,N,D
164410,English,N,A
164410,Science,N,F
115364,English,N,C
115364,History,N,C
115364,Science,N,A
115364,Math,N,A
137109,History,Y,C
137109,Science,N,C
137109,English,Y,C
137109,Math,N,C
128450,Math,N,B
128450,English,N,C
128450,History,N,C
128450,Science,Y,B
183629,Science,Y,C
183629,English,N,C
183629,History,N,B
183629,Math,N,C
118035,English,N,C
118035,Science,N,D
118035,Math,N,F
118035,History,N,F
118035,Athletics,,Y
160192,English,Y,A
160192,History,N,B
160192,Science,N,B
160192,Math,N,A
165173,English,Y,A
165173,History,N,C
165173,Science,N,C
165173,Math,N,A
180460,Math,N,B
180460,History,N,B
180460,English,N,A
180460,Science,N,A
154208,Math,N,C
154208,Science,N,F
154208,History,Y,A
154208,English,N,D
183102,English,Y,A
183102,Science,N,C
183102,Math,N,D
183102,History,N,B
106591,History,N,C
106591,English,N,F
106591,Science,N,B
106591,Math,N,A
196675,Science,N,B
196675,English,N,C
196675,Math,N,A
196675,History,N,C
179906,History,N,C
179906,English,N,D
179906,Math,N,C
179906,Science,N,C
106576,Science,N,B
106576,English,N,C
106576,Math,N,F
106576,History,N,B
106576,Athletics,,Y
177530,Math,N,C
177530,Science,N,C
177530,History,N,B
177530,English,Y,A
157960,Math,N,C
157960,English,N,C
157960,Science,N,B
157960,History,N,B
157960,Athletics,,Y
179161,History,N,A
179161,English,N,F
179161,Math,N,B
179161,Science,N,A
155072,Science,N,C
155072,Math,N,A
155072,History,N,F
155072,English,N,D
155072,Athletics,,Y
181930,History,N,A
181930,English,N,A
181930,Math,N,B
181930,Science,N,A
181930,Athletics,,Y
129556,Science,Y,B
129556,Math,Y,C
129556,History,N,D
129556,English,N,D
192687,English,N,C
192687,Science,N,A
192687,History,N,B
192687,Math,N,B
168830,English,N,C
168830,History,N,A
168830,Math,N,C
168830,Science,Y,C
185616,History,N,D
185616,Science,N,A
185616,English,Y,C
185616,Math,N,C
120029,English,N,D
120029,History,N,C
120029,Math,N,A
120029,Science,N,C
126084,English,N,C
126084,Math,N,A
126084,Science,N,B
126084,History,N,C
126084,Athletics,,Y
179570,History,N,C
179570,English,Y,A
179570,Science,N,C
179570,Math,N,B
102278,Science,N,C
102278,History,N,C
102278,English,N,C
102278,Math,N,C
178142,English,Y,C
178142,History,N,D
178142,Science,N,B
178142,Math,N,F
112068,Science,N,C
112068,English,Y,C
112068,Math,N,C
112068,History,N,F
112068,Athletics,,Y
125515,Math,Y,F
125515,Science,Y,C
125515,English,N,B
125515,History,N,A
125515,Athletics,,Y
110416,Science,N,D
110416,History,N,C
110416,Math,N,A
110416,English,N,D
110416,Athletics,,Y
139256,History,N,B
139256,English,N,C
139256,Science,N,A
139256,Math,N,A
140324,Math,N,A
140324,English,N,D
140324,History,N,D
140324,Science,N,C
145351,Science,N,D
145351,English,N,A
145351,Math,N,B
145351,Athletics,,Y
101470,Science,N,A
101470,Math,N,F
101470,History,N,C
101470,English,N,A
189978,History,Y,C
189978,Science,N,B
189978,English,N,B
189978,Math,N,C
136312,Math,N,C
136312,English,N,C
136312,Science,N,B
136312,History,N,B
171884,English,N,D
171884,Math,N,C
171884,Science,N,C
171884,History,N,D
177633,History,N,B
177633,English,N,C
177633,Math,N,C
177633,Science,N,C
140557,Math,N,C
140557,Science,N,B
140557,English,N,B
140557,History,N,C
140557,Athletics,,Y
121321,English,N,C
121321,History,N,C
121321,Math,N,C
121321,Science,N,B
139725,English,N,C
139725,Science,Y,D
139725,Math,Y,C
139725,History,N,C
158546,Science,N,B
158546,English,N,C
158546,History,Y,A
158546,Math,N,A
158546,Athletics,,Y
152567,Math,N,B
152567,English,N,B
152567,History,N,C
152567,Science,N,C
152567,Athletics,,Y
114643,Science,N,C
114643,English,N,A
114643,History,N,C
114643,Math,N,B
122304,Science,N,C
122304,Math,N,B
122304,English,N,C
122304,History,N,B
122304,Athletics,,Y
156180,Science,N,A
156180,History,N,A
156180,Math,N,B
156180,English,N,B
122146,English,N,D
122146,History,N,C
122146,Math,Y,D
122146,Science,N,C
105409,English,Y,C
105409,Math,N,B
105409,History,N,A
105409,Science,Y,A
161891,Math,Y,C
161891,History,N,B
161891,Science,N,D
161891,English,N,C
184824,History,N,C
184824,Math,N,B
184824,English,N,B
184824,Science,N,F
104316,History,N,A
104316,English,N,F
104316,Science,N,A
104316,Math,N,C
136731,History,N,C
136731,Math,N,C
136731,English,N,C
136731,Science,Y,C
136731,Athletics,,Y
175841,Math,N,A
175841,History,N,C
175841,Science,N,B
175841,English,Y,B
175841,Athletics,,Y
194328,History,N,A
194328,English,N,C
194328,Science,N,C
194328,Math,N,D
148255,English,Y,B
148255,Math,N,A
148255,Science,N,B
148255,History,N,B
158414,English,N,A
158414,History,N,A
158414,Science,N,D
158414,Math,Y,C
166988,Math,N,C
166988,Science,N,A
166988,History,Y,A
166988,English,N,B
131660,Science,Y,C
131660,Math,N,D
131660,History,N,B
131660,English,N,A
131660,Athletics,,Y
168331,Math,N,C
168331,Science,N,F
168331,English,N,C
168331,History,N,C
153167,Science,N,C
153167,English,N,B
153167,Math,Y,F
153167,History,N,B
114952,History,Y,C
114952,Math,N,A
114952,English,N,C
114952,Athletics,,Y
184005,English,N,A
184005,History,N,D
184005,Science,N,C
184005,Math,Y,A
129983,Math,N,B
129983,English,N,B
129983,History,N,A
129983,Science,Y,A
125352,Science,N,C
125352,Math,Y,C
125352,English,N,B
125352,History,N,B
125352,Athletics,,Y
151127,English,N,C
151127,History,N,B
151127,Science,N,D
151127,Math,N,C
165986,Science,N,D
165986,English,Y,B
165986,Math,N,C
165986,History,N,D
156615,History,N,B
156615,English,N,C
156615,Math,N,C
156615,Science,N,C
196431,History,N,C
196431,Math,N,C
196431,English,N,D
196431,Science,N,A
143431,English,N,B
143431,Math,N,D
143431,Science,Y,B
143431,History,N,C
160247,English,N,C
160247,Science,N,D
160247,Math,N,C
160247,History,Y,D
187320,Science,N,D
187320,English,N,C
187320,Math,N,C
187320,History,Y,C
187320,Athletics,,Y
137882,Math,N,B
137882,History,N,F
137882,English,N,B
137882,Science,N,C
189594,Science,N,C
189594,English,N,B
189594,Math,N,C
189594,History,N,A
181086,History,N,C
181086,Math,N,C
181086,English,N,C
181086,Science,N,A
181086,Athletics,,Y
118739,Math,N,F
118739,Science,N,C
118739,English,N,C
118739,History,N,A
127683,English,N,C
127683,Math,N,B
127683,Science,N,D
127683,History,N,A
109474,Math,N,C
109474,English,N,A
109474,History,N,C
109474,Science,N,F
142915,Science,N,A
142915,History,N,B
142915,English,N,A
142915,Math,N,A
116361,History,N,B
116361,Math,N,A
116361,English,N,A
116361,Science,N,B
116361,Athletics,,Y
118270,Science,Y,B
118270,History,Y,C
118270,Math,N,C
118270,English,N,C
178846,History,N,D
178846,English,N,C
178846,Science,N,D
178846,Math,Y,D
161720,English,Y,C
161720,Math,N,D
161720,Science,N,C
161720,History,N,A
153380,English,N,B
153380,History,N,D
153380,Science,N,B
153380,Math,N,A
103439,History,N,B
103439,Science,N,F
103439,Math,N,A
103439,English,N,B
136285,History,N,C
136285,English,Y,A
136285,Math,N,C
136285,Science,N,A
136285,Athletics,,Y
119420,History,N,C
119420,Science,N,A
119420,English,N,F
119420,Math,N,A
119420,Athletics,,Y
127687,History,N,A
127687,Science,N,F
127687,Math,N,B
127687,English,N,C
127687,Athletics,,Y
195365,Science,N,B
195365,Math,N,A
195365,History,N,C
195365,English,N,D
193849,Math,N,D
193849,History,N,C
193849,Science,N,D
193849,English,N,D
193849,Athletics,,Y
154405,Math,N,C
154405,Science,N,B
154405,English,N,B
154405,History,N,C
196605,Math,N,C
196605,Science,N,C
196605,History,N,C
196605,English,N,A
171141,Science,N,A
171141,English,N,B
171141,Math,N,C
171141,History,Y,A
135242,English,N,C
135242,Science,N,B
135242,Math,Y,C
135242,History,N,B
135242,Athletics,,Y
185970,History,N,A
185970,Math,N,C
185970,Science,N,D
185970,English,N,A
122905,Science,N,B
122905,History,Y,B
122905,Math,N,C
122905,English,N,B
107536,History,N,C
107536,English,N,D
107536,Science,N,C
107536,Math,N,B
138804,Math,N,C
138804,English,N,C
138804,History,N,D
138804,Science,N,D
138804,Athletics,,Y
167530,Math,N,F
167530,Science,N,C
167530,English,N,A
167530,History,Y,A
167530,Athletics,,Y
194496,Science,N,D
194496,History,N,D
194496,Math,N,C
194496,English,N,A
102039,Math,N,A
102039,History,N,A
102039,English,N,B
102039,Science,N,A
102039,Athletics,,Y
171055,History,N,C
171055,Math,N,C
171055,Science,N,A
171055,English,N,D
166333,Math,N,C
166333,English,N,A
166333,Science,N,A
166333,History,N,B
166333,Athletics,,Y
165253,English,N,C
165253,Science,N,B
165253,History,N,B
165253,Math,N,B
165253,Athletics,,Y
125226,History,N,D
125226,Math,N,A
125226,English,N,C
125226,Science,N,B
125226,Athletics,,Y
139556,Math,N,B
139556,Science,N,B
139556,English,N,C
139556,History,Y,B
148955,Science,N,C
148955,English,N,B
148955,Math,N,A
148955,History,N,D
148955,Athletics,,Y
117247,English,N,A
117247,History,N,B
117247,Math,N,D
117247,Science,N,C
119303,History,N,C
119303,English,N,C
119303,Science,N,B
119303,Math,N,B
119303,Athletics,,Y
187165,Math,Y,C
187165,English,N,B
187165,History,N,B
147174,English,N,D
147174,Science,N,B
147174,History,N,A
147174,Math,N,B
116022,History,Y,A
116022,Math,N,C
116022,English,N,B
140168,English,N,A
140168,Math,N,C
140168,History,N,B
140168,Athletics,,Y
116507,History,Y,A
116507,Math,Y,C
116507,Science,N,C
116507,English,N,B
116507,Athletics,,Y
107442,English,N,C
107442,Science,N,A
107442,Math,N,A
107442,History,N,C
128120,Math,N,A
128120,History,N,C
128120,English,Y,C
128120,Science,N,A
107606,English,Y,A
107606,Math,N,A
107606,History,Y,C
107606,Science,Y,A
192739,English,N,B
192739,Science,N,B
192739,History,N,B
192739,Math,N,A
192430,History,N,C
192430,Math,Y,C
192430,English,N,B
192430,Science,N,D
192430,Athletics,,Y
113437,Math,N,B
113437,History,N,B
113437,English,Y,A
113437,Science,N,C
167308,Math,N,B
167308,History,N,B
167308,Science,N,C
167308,English,Y,C
167308,Athletics,,Y
151481,History,N,F
151481,English,N,B
151481,Science,N,C
151481,Math,N,B
151481,Athletics,,Y
133622,English,N,C
133622,Math,N,C
133622,Science,Y,C
133622,History,N,B
103954,English,N,B
103954,Science,N,D
103954,History,N,C
118065,Math,N,A
118065,English,Y,C
118065,Science,Y,B
118065,History,N,B
118065,Athletics,,Y
136859,Science,N,C
136859,English,N,C
136859,History,N,C
136859,Math,N,D
136859,Athletics,,Y
174488,History,N,C
174488,Math,N,B
174488,Science,N,C
174488,English,N,A
110878,English,N,C
110878,History,N,C
110878,Science,N,C
110878,Math,N,B
179070,English,N,B
179070,Science,N,B
179070,History,N,C
179070,Math,N,C
179070,Athletics,,Y
118186,Math,Y,C
118186,Science,N,B
118186,English,N,C
118186,History,N,B
159770,History,N,D
159770,English,N,F
159770,Math,N,D
159770,Science,N,A
159770,Athletics,,Y
160432,Math,N,B
160432,English,N,C
160432,History,N,C
160432,Science,N,B
104071,Math,N,A
104071,English,N,C
104071,Science,N,A
104071,History,N,C
104071,Athletics,,Y
149459,English,N,B
149459,History,N,A
149459,Math,N,C
149459,Science,N,C
149459,Athletics,,Y
120536,Science,N,A
120536,English,Y,B
120536,Math,N,C
120536,History,N,A
132305,Science,N,C
132305,English,N,C
132305,History,Y,A
132305,Math,N,C
148223,History,N,B
148223,Math,N,B
148223,English,N,C
148223,Science,N,C
164057,Math,N,C
164057,English,N,A
164057,Science,Y,B
164057,History,Y,A
112874,Science,N,C
112874,English,N,C
112874,Math,N,F
112874,History,N,F
112874,Athletics,,Y
165877,English,Y,C
165877,Math,N,C
165877,Science,N,B
165877,History,N,B
144548,English,Y,B
144548,Math,N,B
144548,Science,N,D
144548,History,N,A
164737,Science,N,C
164737,History,N,C
164737,English,N,B
164737,Math,N,F
168914,History,N,C
168914,Math,Y,C
168914,Science,Y,A
168914,English,N,B
174629,Science,N,C
174629,English,Y,A
174629,History,N,B
174629,Math,N,C
174629,Athletics,,Y
106070,English,N,D
106070,History,N,D
106070,Math,N,B
104945,History,N,C
104945,Math,N,C
104945,Science,N,A
104945,English,N,B
104561,History,N,A
104561,Math,Y,A
104561,English,N,B
104561,Science,N,C
183644,History,N,B
183644,Science,N,C
183644,Math,N,C
183644,English,N,C
110386,Science,N,B
110386,History,N,A
110386,Math,N,A
110386,English,N,F
125954,History,Y,D
125954,Science,N,C
125954,English,N,B
125954,Math,N,C
114728,English,N,B
114728,History,Y,B
114728,Science,N,B
114728,Math,N,B
117351,Science,N,F
117351,English,N,B
117351,Math,N,D
117351,History,N,C
101947,English,N,A
101947,Math,N,C
101947,History,N,C
101947,Science,N,C
101947,Athletics,,Y
143839,English,N,C
143839,Math,Y,A
143839,History,N,B
143839,Science,N,C
109336,History,N,A
109336,Math,N,B
109336,English,N,A
109336,Science,Y,B
109336,Athletics,,Y
188465,History,N,C
188465,Science,N,D
188465,Math,N,C
188465,English,N,C
157984,Science,N,B
157984,English,N,D
157984,Math,N,D
157984,History,N,D
190800,Science,N,D
190800,English,N,B
190800,Math,N,B
190800,History,N,B
164172,History,N,A
164172,Math,N,D
164172,Science,N,C
164172,English,N,C
176862,Science,N,A
176862,History,N,B
176862,Math,N,C
120290,Science,N,B
120290,English,N,D
120290,History,N,C
120290,Math,N,D
156758,English,N,B
156758,Math,Y,C
156758,Science,N,C
156758,History,N,B
156758,Athletics,,Y
185476,Science,N,D
185476,History,N,C
185476,English,N,C
185476,Math,N,A
185476,Athletics,,Y
149977,Science,N,C
149977,English,N,B
149977,History,N,A
149977,Math,N,B
146502,English,Y,A
146502,Math,N,C
146502,History,N,C
146502,Science,N,C
146502,Athletics,,Y
142342,Math,N,B
142342,English,N,D
142342,Science,N,C
142342,History,N,A
142342,Athletics,,Y
113023,History,N,B
113023,Math,N,C
113023,English,N,D
113023,Science,N,A
113023,Athletics,,Y
115780,History,N,C
115780,Science,N,B
115780,English,N,C
115780,Math,N,A
183741,English,N,C
183741,History,N,A
183741,Math,N,A
183741,Science,N,C
185019,Math,Y,B
185019,History,Y,A
185019,English,Y,B
149790,English,N,F
149790,History,N,C
149790,Science,N,D
149790,Math,N,C
149790,Athletics,,Y
155376,Math,N,C
155376,English,N,A
155376,History,N,C
155376,Science,N,B
155376,Athletics,,Y
137212,English,N,D
137212,History,N,A
137212,Science,Y,C
137212,Math,N,C
137212,Athletics,,Y
197924,History,N,C
197924,English,N,C
197924,Math,N,F
197924,Science,N,D
197924,Athletics,,Y
192872,Math,N,C
192872,Science,N,B
192872,English,N,B
192872,History,N,B
192872,Athletics,,Y
196094,History,N,D
196094,Science,N,C
196094,Math,N,B
196094,English,N,A
196094,Athletics,,Y
121402,Science,N,B
121402,English,N,C
121402,History,N,B
121402,Math,N,C
