uf,nome_mun,quant
AC,ACRELANDIA,1
AC,ASSIS BRASIL,1
AC,BRASILEIA,1
AC,BUJARI,1
AC,CRUZEIRO DO SUL,3
AC,JORDAO,1
AC,MANCIO LIMA,1
AC,MANOEL URBANO,1
AC,PLACIDO DE CASTRO,1
AC,RIO BRANCO,15
AC,RODRIGUES ALVES,1
AC,SANTA ROSA DO PURUS,1
AC,SENA MADUREIRA,2
AC,SENADOR GUIOMARD,1
AC,TARAUACA,1
AC,XAPURI,1
AL,AGUA BRANCA,1
AL,ANADIA,1
AL,ARAPIRACA,8
AL,ATALAIA,2
AL,BARRA DE SANTO ANTONIO,1
AL,BARRA DE SAO MIGUEL,1
AL,BATALHA,1
AL,BELEM,1
AL,BELO MONTE,1
AL,BRANQUINHA,1
AL,CACIMBINHAS,1
AL,CAJUEIRO,1
AL,CAMPESTRE,1
AL,CAMPO ALEGRE,2
AL,CAMPO GRANDE,1
AL,CANAPI,1
AL,CAPELA,1
AL,CHA PRETA,1
AL,COITE DO NOIA,1
AL,COLONIA LEOPOLDINA,1
AL,COQUEIRO SECO,1
AL,CORURIPE,2
AL,CRAIBAS,1
AL,DELMIRO GOUVEIA,2
AL,ESTRELA DE ALAGOAS,1
AL,FEIRA GRANDE,1
AL,FELIZ DESERTO,1
AL,FLEXEIRAS,1
AL,GIRAU DO PONCIANO,1
AL,IBATEGUARA,1
AL,IGACI,1
AL,IGREJA NOVA,1
AL,INHAPI,1
AL,JACARE DOS HOMENS,1
AL,JACUIPE,1
AL,JAPARATINGA,1
AL,JARAMATAIA,1
AL,JOAQUIM GOMES,1
AL,JUNQUEIRO,1
AL,LAGOA DA CANOA,1
AL,LIMOEIRO DE ANADIA,1
AL,MACEIO,54
AL,MAJOR ISIDORO,1
AL,MAR VERMELHO,1
AL,MARAGOGI,1
AL,MARAVILHA,1
AL,MARECHAL DEODORO,1
AL,MARIBONDO,1
AL,MATA GRANDE,1
AL,MATRIZ DE CAMARAGIBE,1
AL,MINADOR DO NEGRAO,1
AL,MONTEIROPOLIS,1
AL,MURICI,1
AL,OLHO D AGUA DAS FLORES,1
AL,OLHO D AGUA DO CASADO,1
AL,OLHO D AGUA GRANDE,1
AL,OLIVENCA,1
AL,OURO BRANCO,1
AL,PALESTINA,1
AL,PALMEIRA DOS INDIOS,2
AL,PAO DE ACUCAR,1
AL,PARICONHA,1
AL,PARIPUEIRA,1
AL,PASSO DE CAMARAGIBE,1
AL,PAULO JACINTO,1
AL,PENEDO,2
AL,PIACABUCU,1
AL,PILAR,2
AL,PINDOBA,1
AL,PIRANHAS,1
AL,POCO DAS TRINCHEIRAS,1
AL,PORTO CALVO,1
AL,PORTO DE PEDRAS,1
AL,PORTO REAL DO COLEGIO,1
AL,QUEBRANGULO,1
AL,RIO LARGO,1
AL,ROTEIRO,1
AL,SANTA LUZIA DO NORTE,1
AL,SANTANA DO IPANEMA,2
AL,SANTANA DO MUNDAU,1
AL,SAO BRAS,1
AL,SAO JOSE DA LAJE,1
AL,SAO JOSE DA TAPERA,1
AL,SAO LUIS DO QUITUNDE,1
AL,SAO MIGUEL DOS CAMPOS,2
AL,SAO MIGUEL DOS MILAGRES,1
AL,SAO SEBASTIAO,1
AL,SENADOR RUI PALMEIRA,1
AL,TANQUE D ARCA,1
AL,TAQUARANA,1
AL,TEOTONIO VILELA,2
AL,TRAIPU,1
AL,UNIAO DOS PALMARES,3
AL,VICOSA,1
AM,ALVARAES,1
AM,AMATURA,1
AM,ANAMA,1
AM,BARREIRINHA,1
AM,BENJAMIN CONSTANT,1
AM,BERURI,1
AM,BOCA DO ACRE,1
AM,CANUTAMA,1
AM,CAREIRO,1
AM,COARI,1
AM,CODAJAS,1
AM,EIRUNEPE,1
AM,HUMAITA,1
AM,IPIXUNA,1
AM,ITACOATIARA,2
AM,ITAMARATI,1
AM,JAPURA,1
AM,LABREA,1
AM,MANACAPURU,1
AM,MANAUS,57
AM,MANICORE,1
AM,NHAMUNDA,1
AM,NOVA OLINDA DO NORTE,1
AM,NOVO AIRAO,1
AM,PARINTINS,1
AM,PAUINI,1
AM,PRESIDENTE FIGUEIREDO,1
AM,SANTA ISABEL DO RIO NEGRO,1
AM,SANTO ANTONIO DO ICA,1
AM,SILVES,1
AM,TONANTINS,1
AP,AMAPA,1
AP,CUTIAS,1
AP,ITAUBAL,1
AP,LARANJAL DO JARI,1
AP,MACAPA,5
AP,MAZAGAO,1
AP,OIAPOQUE,1
BA,ABAIRA,1
BA,ABARE,1
BA,ACAJUTIBA,1
BA,ADUSTINA,1
BA,AGUA FRIA,1
BA,AIQUARA,1
BA,ALAGOINHAS,5
BA,ALCOBACA,1
BA,ALMADINA,1
BA,AMARGOSA,2
BA,AMELIA RODRIGUES,1
BA,AMERICA DOURADA,1
BA,ANAGE,1
BA,ANDARAI,1
BA,ANDORINHA,1
BA,ANGICAL,1
BA,ANGUERA,1
BA,ANTAS,1
BA,ANTONIO CARDOSO,1
BA,ANTONIO GONCALVES,1
BA,APORA,1
BA,APUAREMA,1
BA,ARACATU,1
BA,ARAMARI,1
BA,ARATUIPE,1
BA,AURELINO LEAL,1
BA,BAIANOPOLIS,1
BA,BAIXA GRANDE,1
BA,BANZAE,1
BA,BARRA,2
BA,BARRA DA ESTIVA,1
BA,BARRA DO CHOCA,2
BA,BARRA DO MENDES,1
BA,BARRA DO ROCHA,1
BA,BARREIRAS,7
BA,BARRO ALTO,1
BA,BARRO PRETO,1
BA,BARROCAS,1
BA,BELMONTE,1
BA,BELO CAMPO,1
BA,BIRITINGA,1
BA,BOA NOVA,1
BA,BOA VISTA DO TUPIM,1
BA,BOM JESUS DA LAPA,4
BA,BOM JESUS DA SERRA,1
BA,BONINAL,1
BA,BONITO,1
BA,BOQUIRA,1
BA,BOTUPORA,1
BA,BREJOES,1
BA,BREJOLANDIA,1
BA,BROTAS DE MACAUBAS,1
BA,BRUMADO,3
BA,BUERAREMA,1
BA,BURITIRAMA,1
BA,CAATIBA,1
BA,CABACEIRAS DO PARAGUACU,1
BA,CACHOEIRA,1
BA,CACULE,1
BA,CAEM,1
BA,CAETANOS,1
BA,CAETITE,3
BA,CAFARNAUM,1
BA,CAIRU,1
BA,CALDEIRAO GRANDE,1
BA,CAMACAN,2
BA,CAMACARI,10
BA,CAMAMU,2
BA,CAMPO ALEGRE DE LOURDES,1
BA,CAMPO FORMOSO,3
BA,CANAPOLIS,1
BA,CANARANA,1
BA,CANAVIEIRAS,2
BA,CANDEAL,1
BA,CANDEIAS,4
BA,CANDIBA,1
BA,CANDIDO SALES,1
BA,CANSANCAO,1
BA,CANUDOS,1
BA,CAPELA DO ALTO ALEGRE,1
BA,CAPIM GROSSO,1
BA,CARAIBAS,1
BA,CARAVELAS,1
BA,CARDEAL DA SILVA,1
BA,CARINHANHA,1
BA,CASA NOVA,1
BA,CASTRO ALVES,1
BA,CATOLANDIA,1
BA,CATU,3
BA,CATURAMA,1
BA,CENTRAL,1
BA,CHORROCHO,1
BA,CICERO DANTAS,1
BA,CIPO,1
BA,COARACI,1
BA,COCOS,1
BA,CONCEICAO DA FEIRA,1
BA,CONCEICAO DO ALMEIDA,1
BA,CONCEICAO DO COITE,3
BA,CONCEICAO DO JACUIPE,1
BA,CONDE,1
BA,CONDEUBA,1
BA,CONTENDAS DO SINCORA,1
BA,CORACAO DE MARIA,1
BA,CORDEIROS,1
BA,CORIBE,1
BA,CORONEL JOAO SA,1
BA,CORRENTINA,2
BA,COTEGIPE,1
BA,CRAVOLANDIA,1
BA,CRISOPOLIS,1
BA,CRISTOPOLIS,1
BA,CRUZ DAS ALMAS,3
BA,CURACA,1
BA,DARIO MEIRA,1
BA,DIAS D AVILA,2
BA,DOM BASILIO,1
BA,DOM MACEDO COSTA,1
BA,ELISIO MEDRADO,1
BA,ENCRUZILHADA,1
BA,ENTRE RIOS,1
BA,ERICO CARDOSO,1
BA,ESPLANADA,1
BA,EUCLIDES DA CUNHA,2
BA,EUNAPOLIS,2
BA,FATIMA,1
BA,FEIRA DE SANTANA,32
BA,FILADELFIA,1
BA,FIRMINO ALVES,1
BA,FLORESTA AZUL,1
BA,FORMOSA DO RIO PRETO,1
BA,GANDU,2
BA,GAVIAO,1
BA,GENTIO DO OURO,1
BA,GLORIA,1
BA,GONGOGI,1
BA,GOVERNADOR MANGABEIRA,1
BA,GUAJERU,1
BA,GUANAMBI,3
BA,GUARATINGA,1
BA,HELIOPOLIS,1
BA,IACU,1
BA,IBIASSUCE,1
BA,IBICARAI,2
BA,IBICOARA,2
BA,IBICUI,1
BA,IBIPEBA,1
BA,IBIPITANGA,1
BA,IBIQUERA,1
BA,IBIRAPITANGA,1
BA,IBIRAPUA,1
BA,IBIRATAIA,1
BA,IBITIARA,1
BA,IBITITA,1
BA,IBOTIRAMA,2
BA,ICHU,1
BA,IGAPORA,1
BA,IGRAPIUNA,1
BA,IGUAI,1
BA,ILHEUS,10
BA,INHAMBUPE,1
BA,IPECAETA,1
BA,IPIAU,3
BA,IPIRA,2
BA,IPUPIARA,1
BA,IRAJUBA,1
BA,IRAMAIA,1
BA,IRAQUARA,1
BA,IRARA,1
BA,IRECE,4
BA,ITABELA,1
BA,ITABERABA,3
BA,ITABUNA,11
BA,ITACARE,1
BA,ITAETE,1
BA,ITAGI,1
BA,ITAGIBA,1
BA,ITAGIMIRIM,1
BA,ITAGUACU DA BAHIA,1
BA,ITAJU DO COLONIA,1
BA,ITAJUIPE,1
BA,ITAMARAJU,3
BA,ITAMARI,1
BA,ITAMBE,1
BA,ITANAGRA,1
BA,ITANHEM,1
BA,ITAPARICA,2
BA,ITAPE,1
BA,ITAPEBI,1
BA,ITAPETINGA,4
BA,ITAPICURU,1
BA,ITAPITANGA,1
BA,ITAQUARA,1
BA,ITARANTIM,1
BA,ITATIM,1
BA,ITIRUCU,1
BA,ITIUBA,1
BA,ITORORO,1
BA,ITUACU,1
BA,ITUBERA,1
BA,IUIU,1
BA,JABORANDI,1
BA,JACARACI,1
BA,JACOBINA,3
BA,JAGUAQUARA,3
BA,JAGUARARI,2
BA,JAGUARIPE,1
BA,JANDAIRA,1
BA,JEQUIE,10
BA,JEREMOABO,1
BA,JIQUIRICA,1
BA,JITAUNA,1
BA,JOAO DOURADO,1
BA,JUAZEIRO,7
BA,JUCURUCU,1
BA,JUSSARA,1
BA,JUSSARI,1
BA,JUSSIAPE,1
BA,LAFAIETE COUTINHO,1
BA,LAGOA REAL,1
BA,LAJE,1
BA,LAJEDAO,1
BA,LAJEDINHO,1
BA,LAJEDO DO TABOCAL,1
BA,LAMARAO,1
BA,LAPAO,1
BA,LAURO DE FREITAS,6
BA,LENCOIS,1
BA,LICINIO DE ALMEIDA,1
BA,LIVRAMENTO DE NOSSA SENHORA,2
BA,LUIS EDUARDO MAGALHAES,3
BA,MACAJUBA,1
BA,MACAUBAS,2
BA,MACURURE,1
BA,MADRE DE DEUS,1
BA,MAETINGA,1
BA,MAIQUINIQUE,1
BA,MAIRI,1
BA,MALHADA,1
BA,MALHADA DE PEDRAS,1
BA,MANOEL VITORINO,1
BA,MANSIDAO,1
BA,MARACAS,1
BA,MARAGOGIPE,1
BA,MARAU,1
BA,MARCIONILIO SOUZA,1
BA,MASCOTE,1
BA,MATINA,1
BA,MEDEIROS NETO,1
BA,MIGUEL CALMON,1
BA,MILAGRES,1
BA,MIRANGABA,1
BA,MORPARA,1
BA,MORRO DO CHAPEU,1
BA,MORTUGABA,1
BA,MUCUGE,1
BA,MUCURI,1
BA,MULUNGU DO MORRO,1
BA,MUNDO NOVO,1
BA,MUNIZ FERREIRA,1
BA,MUQUEM DE SAO FRANCISCO,1
BA,MURITIBA,1
BA,MUTUIPE,1
BA,NILO PECANHA,1
BA,NORDESTINA,1
BA,NOVA CANAA,1
BA,NOVA FATIMA,1
BA,NOVA IBIA,1
BA,NOVA ITARANA,1
BA,NOVA REDENCAO,1
BA,NOVA SOURE,1
BA,NOVA VICOSA,2
BA,NOVO HORIZONTE,1
BA,NOVO TRIUNFO,1
BA,OLINDINA,1
BA,OLIVEIRA DOS BREJINHOS,1
BA,OURICANGAS,1
BA,OUROLANDIA,1
BA,PALMAS DE MONTE ALTO,1
BA,PALMEIRAS,1
BA,PARAMIRIM,1
BA,PARATINGA,1
BA,PARIPIRANGA,1
BA,PAU BRASIL,1
BA,PAULO AFONSO,1
BA,PE DE SERRA,1
BA,PEDRAO,1
BA,PIATA,1
BA,PILAO ARCADO,1
BA,PINDAI,1
BA,PINDOBACU,1
BA,PINTADAS,1
BA,PIRAI DO NORTE,1
BA,PIRIPA,1
BA,PIRITIBA,1
BA,PLANALTINO,1
BA,PLANALTO,1
BA,POJUCA,1
BA,PONTO NOVO,1
BA,PORTO SEGURO,6
BA,POTIRAGUA,1
BA,PRADO,1
BA,PRESIDENTE DUTRA,1
BA,PRESIDENTE JANIO QUADROS,1
BA,PRESIDENTE TANCREDO NEVES,1
BA,QUEIMADAS,1
BA,QUIJINGUE,1
BA,QUIXABEIRA,1
BA,RAFAEL JAMBEIRO,1
BA,REMANSO,1
BA,RETIROLANDIA,1
BA,RIACHAO DAS NEVES,1
BA,RIACHAO DO JACUIPE,1
BA,RIACHO DE SANTANA,1
BA,RIBEIRA DO AMPARO,1
BA,RIBEIRA DO POMBAL,1
BA,RIBEIRAO DO LARGO,1
BA,RIO DE CONTAS,1
BA,RIO DO ANTONIO,2
BA,RIO DO PIRES,1
BA,RIO REAL,1
BA,RODELAS,1
BA,RUY BARBOSA,1
BA,SALVADOR,127
BA,SANTA BARBARA,1
BA,SANTA BRIGIDA,1
BA,SANTA CRUZ CABRALIA,2
BA,SANTA CRUZ DA VITORIA,1
BA,SANTA INES,1
BA,SANTA LUZIA,1
BA,SANTA MARIA DA VITORIA,2
BA,SANTA RITA DE CASSIA,1
BA,SANTA TERESINHA,1
BA,SANTALUZ,1
BA,SANTANA,1
BA,SANTANOPOLIS,1
BA,SANTO AMARO,2
BA,SANTO ANTONIO DE JESUS,3
BA,SANTO ESTEVAO,2
BA,SAO DESIDERIO,1
BA,SAO DOMINGOS,1
BA,SAO FELIPE,1
BA,SAO FELIX,1
BA,SAO FELIX DO CORIBE,1
BA,SAO FRANCISCO DO CONDE,1
BA,SAO GABRIEL,1
BA,SAO GONCALO DOS CAMPOS,1
BA,SAO JOSE DA VITORIA,1
BA,SAO JOSE DO JACUIPE,1
BA,SAO MIGUEL DAS MATAS,1
BA,SAO SEBASTIAO DO PASSE,1
BA,SAPEACU,1
BA,SATIRO DIAS,1
BA,SAUBARA,1
BA,SAUDE,1
BA,SEABRA,2
BA,SEBASTIAO LARANJEIRAS,1
BA,SENHOR DO BONFIM,3
BA,SENTO SE,1
BA,SERRA DO RAMALHO,1
BA,SERRA DOURADA,1
BA,SERRA PRETA,1
BA,SERRINHA,4
BA,SERROLANDIA,1
BA,SIMOES FILHO,3
BA,SITIO DO MATO,1
BA,SITIO DO QUINTO,1
BA,SOBRADINHO,1
BA,SOUTO SOARES,1
BA,TABOCAS DO BREJO VELHO,1
BA,TANHACU,1
BA,TANQUE NOVO,1
BA,TANQUINHO,1
BA,TAPEROA,1
BA,TEIXEIRA DE FREITAS,6
BA,TEODORO SAMPAIO,1
BA,TEOFILANDIA,1
BA,TEOLANDIA,1
BA,TERRA NOVA,1
BA,TREMEDAL,1
BA,TUCANO,2
BA,UAUA,1
BA,UBAIRA,1
BA,UBAITABA,1
BA,UBATA,1
BA,UIBAI,1
BA,UMBURANAS,1
BA,UNA,1
BA,URANDI,1
BA,UTINGA,1
BA,VALENCA,3
BA,VALENTE,1
BA,VARZEA DA ROCA,1
BA,VARZEA DO POCO,1
BA,VARZEA NOVA,1
BA,VARZEDO,1
BA,VERA CRUZ,2
BA,VEREDA,1
BA,VITORIA DA CONQUISTA,23
BA,WAGNER,1
BA,WANDERLEY,1
BA,WENCESLAU GUIMARAES,1
BA,XIQUE-XIQUE,2
CE,ABAIARA,1
CE,ACARAPE,1
CE,ACARAU,2
CE,ACOPIARA,2
CE,AIUABA,1
CE,ALCANTARAS,1
CE,ALTANEIRA,1
CE,ALTO SANTO,1
CE,AMONTADA,1
CE,ANTONINA DO NORTE,1
CE,APUIARES,1
CE,AQUIRAZ,1
CE,ARACATI,1
CE,ARARENDA,1
CE,ARARIPE,1
CE,ARATUBA,1
CE,ARNEIROZ,1
CE,ASSARE,1
CE,AURORA,1
CE,BAIXIO,1
CE,BANABUIU,1
CE,BARBALHA,2
CE,BARREIRA,1
CE,BARRO,1
CE,BARROQUINHA,1
CE,BATURITE,1
CE,BEBERIBE,1
CE,BELA CRUZ,1
CE,BOA VIAGEM,2
CE,BREJO SANTO,2
CE,CAMOCIM,1
CE,CANINDE,2
CE,CAPISTRANO,1
CE,CARIDADE,1
CE,CARIRE,1
CE,CARIRIACU,1
CE,CARIUS,1
CE,CARNAUBAL,1
CE,CASCAVEL,2
CE,CATARINA,1
CE,CATUNDA,1
CE,CAUCAIA,7
CE,CEDRO,1
CE,CHAVAL,1
CE,CHORO,1
CE,CHOROZINHO,1
CE,COREAU,1
CE,CRATEUS,3
CE,CRATO,5
CE,CROATA,1
CE,CRUZ,1
CE,DEPUTADO IRAPUAN PINHEIRO,1
CE,ERERE,1
CE,EUSEBIO,2
CE,FARIAS BRITO,1
CE,FORQUILHA,1
CE,FORTALEZA,118
CE,FORTIM,1
CE,FRECHEIRINHA,1
CE,GENERAL SAMPAIO,1
CE,GRACA,1
CE,GRANJA,1
CE,GRANJEIRO,1
CE,GROAIRAS,1
CE,GUARACIABA DO NORTE,1
CE,GUARAMIRANGA,1
CE,HIDROLANDIA,1
CE,HORIZONTE,2
CE,IBARETAMA,1
CE,IBIAPINA,1
CE,IBICUITINGA,1
CE,ICAPUI,1
CE,ICO,1
CE,IGUATU,2
CE,INDEPENDENCIA,1
CE,IPAPORANGA,1
CE,IPAUMIRIM,1
CE,IPU,1
CE,IPUEIRAS,1
CE,IRACEMA,1
CE,IRAUCUBA,1
CE,ITAICABA,1
CE,ITAITINGA,1
CE,ITAPAGE,1
CE,ITAPIPOCA,3
CE,ITAPIUNA,1
CE,ITAREMA,1
CE,ITATIRA,1
CE,JAGUARETAMA,1
CE,JAGUARIBARA,1
CE,JAGUARIBE,1
CE,JAGUARUANA,1
CE,JATI,1
CE,JIJOCA DE JERICOACOARA,1
CE,JUAZEIRO DO NORTE,8
CE,JUCAS,1
CE,LAVRAS DA MANGABEIRA,1
CE,LIMOEIRO DO NORTE,2
CE,MADALENA,1
CE,MARACANAU,2
CE,MARANGUAPE,3
CE,MARCO,1
CE,MARTINOPOLE,1
CE,MASSAPE,1
CE,MAURITI,1
CE,MERUOCA,1
CE,MILAGRES,1
CE,MILHA,1
CE,MISSAO VELHA,1
CE,MOMBACA,2
CE,MONSENHOR TABOSA,1
CE,MORADA NOVA,2
CE,MORAUJO,1
CE,MORRINHOS,1
CE,MUCAMBO,1
CE,MULUNGU,1
CE,NOVA OLINDA,1
CE,NOVA RUSSAS,1
CE,NOVO ORIENTE,1
CE,OCARA,1
CE,OROS,1
CE,PACAJUS,2
CE,PACOTI,1
CE,PACUJA,1
CE,PALHANO,1
CE,PALMACIA,1
CE,PARACURU,1
CE,PARAIPABA,1
CE,PARAMBU,1
CE,PARAMOTI,1
CE,PEDRA BRANCA,1
CE,PENAFORTE,1
CE,PENTECOSTE,1
CE,PEREIRO,1
CE,PINDORETAMA,1
CE,PIQUET CARNEIRO,1
CE,PIRES FERREIRA,1
CE,PORTEIRAS,1
CE,POTENGI,1
CE,POTIRETAMA,1
CE,QUITERIANOPOLIS,1
CE,QUIXADA,3
CE,QUIXELO,1
CE,QUIXERE,1
CE,RERIUTABA,1
CE,RUSSAS,2
CE,SABOEIRO,1
CE,SALITRE,1
CE,SANTA QUITERIA,1
CE,SANTANA DO ACARAU,1
CE,SANTANA DO CARIRI,1
CE,SAO BENEDITO,2
CE,SAO GONCALO DO AMARANTE,2
CE,SAO JOAO DO JAGUARIBE,1
CE,SAO LUIS DO CURU,1
CE,SENADOR POMPEU,1
CE,SENADOR SA,1
CE,SOBRAL,7
CE,SOLONOPOLE,1
CE,TABULEIRO DO NORTE,1
CE,TAMBORIL,1
CE,TARRAFAS,1
CE,TAUA,2
CE,TEJUCUOCA,1
CE,TIANGUA,2
CE,TRAIRI,1
CE,TURURU,1
CE,UBAJARA,1
CE,UMARI,1
CE,UMIRIM,1
CE,URUBURETAMA,1
CE,URUOCA,1
CE,VARJOTA,1
CE,VARZEA ALEGRE,1
CE,VICOSA DO CEARA,1
DF,BRASILIA,189
ES,AFONSO CLAUDIO,1
ES,AGUA DOCE DO NORTE,1
ES,AGUIA BRANCA,1
ES,ALTO RIO NOVO,1
ES,ANCHIETA,1
ES,APIACA,1
ES,ARACRUZ,6
ES,ATILIO VIVACQUA,1
ES,BAIXO GUANDU,2
ES,BARRA DE SAO FRANCISCO,2
ES,BOA ESPERANCA,1
ES,BOM JESUS DO NORTE,1
ES,CACHOEIRO DE ITAPEMIRIM,10
ES,CARIACICA,16
ES,COLATINA,7
ES,CONCEICAO DA BARRA,3
ES,CONCEICAO DO CASTELO,1
ES,DIVINO DE SAO LOURENCO,1
ES,DOMINGOS MARTINS,2
ES,DORES DO RIO PRETO,1
ES,FUNDAO,2
ES,GOVERNADOR LINDENBERG,1
ES,GUACUI,1
ES,GUARAPARI,5
ES,IBATIBA,1
ES,IBIRACU,1
ES,IBITIRAMA,1
ES,ITAGUACU,1
ES,ITAPEMIRIM,1
ES,JAGUARE,1
ES,JERONIMO MONTEIRO,1
ES,JOAO NEIVA,1
ES,LARANJA DA TERRA,1
ES,LINHARES,6
ES,MANTENOPOLIS,1
ES,MARATAIZES,2
ES,MARECHAL FLORIANO,1
ES,MARILANDIA,1
ES,MONTANHA,1
ES,MUCURICI,1
ES,MUNIZ FREIRE,1
ES,MUQUI,1
ES,PANCAS,1
ES,PEDRO CANARIO,1
ES,PINHEIROS,1
ES,PIUMA,1
ES,PONTO BELO,1
ES,RIO BANANAL,1
ES,RIO NOVO DO SUL,1
ES,SANTA LEOPOLDINA,1
ES,SANTA MARIA DE JETIBA,2
ES,SAO DOMINGOS DO NORTE,1
ES,SAO GABRIEL DA PALHA,1
ES,SAO MATEUS,5
ES,SAO ROQUE DO CANAA,1
ES,SERRA,25
ES,VARGEM ALTA,1
ES,VENDA NOVA DO IMIGRANTE,1
ES,VIANA,3
ES,VILA PAVAO,1
ES,VILA VELHA,30
ES,VITORIA,30
GO,ABADIA DE GOIAS,1
GO,ABADIANIA,1
GO,ACREUNA,1
GO,ADELANDIA,1
GO,AGUA FRIA DE GOIAS,1
GO,AGUA LIMPA,1
GO,AGUAS LINDAS DE GOIAS,5
GO,ALEXANIA,1
GO,ALOANDIA,1
GO,ALTO HORIZONTE,1
GO,ALTO PARAISO DE GOIAS,1
GO,ALVORADA DO NORTE,1
GO,AMARALINA,1
GO,AMERICANO DO BRASIL,1
GO,ANAPOLIS,24
GO,ANHANGUERA,1
GO,ANICUNS,1
GO,APARECIDA DE GOIANIA,24
GO,APARECIDA DO RIO DOCE,1
GO,APORE,1
GO,ARACU,1
GO,ARAGARCAS,1
GO,ARAGOIANIA,1
GO,ARAGUAPAZ,1
GO,ARENOPOLIS,1
GO,ARUANA,1
GO,AURILANDIA,1
GO,AVELINOPOLIS,1
GO,BALIZA,1
GO,BARRO ALTO,1
GO,BELA VISTA DE GOIAS,1
GO,BOM JARDIM DE GOIAS,1
GO,BOM JESUS DE GOIAS,1
GO,BONFINOPOLIS,1
GO,BONOPOLIS,1
GO,BRAZABRANTES,1
GO,BRITANIA,1
GO,BURITI ALEGRE,1
GO,BURITI DE GOIAS,1
GO,BURITINOPOLIS,1
GO,CABECEIRAS,1
GO,CACHOEIRA ALTA,1
GO,CACHOEIRA DE GOIAS,1
GO,CACHOEIRA DOURADA,1
GO,CACU,1
GO,CAIAPONIA,1
GO,CALDAS NOVAS,5
GO,CALDAZINHA,1
GO,CAMPESTRE DE GOIAS,1
GO,CAMPINACU,1
GO,CAMPINORTE,1
GO,CAMPO ALEGRE DE GOIAS,1
GO,CAMPO LIMPO DE GOIAS,1
GO,CAMPOS BELOS,1
GO,CAMPOS VERDES,1
GO,CARMO DO RIO VERDE,1
GO,CASTELANDIA,1
GO,CATALAO,6
GO,CATURAI,1
GO,CERES,1
GO,CEZARINA,1
GO,CHAPADAO DO CEU,1
GO,CIDADE OCIDENTAL,4
GO,COCALZINHO DE GOIAS,1
GO,COLINAS DO SUL,1
GO,CORREGO DO OURO,1
GO,CORUMBA DE GOIAS,1
GO,CORUMBAIBA,1
GO,CRISTALINA,2
GO,CRISTIANOPOLIS,1
GO,CRIXAS,1
GO,CROMINIA,1
GO,CUMARI,1
GO,DAMOLANDIA,1
GO,DAVINOPOLIS,1
GO,DIORAMA,1
GO,DIVINOPOLIS DE GOIAS,1
GO,DOVERLANDIA,1
GO,EDEALINA,1
GO,EDEIA,1
GO,ESTRELA DO NORTE,1
GO,FAINA,1
GO,FAZENDA NOVA,1
GO,FIRMINOPOLIS,1
GO,FLORES DE GOIAS,1
GO,FORMOSA,7
GO,FORMOSO,1
GO,GAMELEIRA DE GOIAS,1
GO,GOIANDIRA,1
GO,GOIANESIA,4
GO,GOIANIA,104
GO,GOIANIRA,1
GO,GOIAS,2
GO,GOIATUBA,3
GO,GOUVELANDIA,1
GO,GUAPO,1
GO,GUARAITA,1
GO,GUARANI DE GOIAS,1
GO,HEITORAI,1
GO,HIDROLANDIA,1
GO,HIDROLINA,1
GO,IACIARA,1
GO,INACIOLANDIA,1
GO,INDIARA,1
GO,INHUMAS,4
GO,IPAMERI,1
GO,IPIRANGA DE GOIAS,1
GO,IPORA,2
GO,ISRAELANDIA,1
GO,ITABERAI,2
GO,ITAGUARI,1
GO,ITAGUARU,1
GO,ITAJA,1
GO,ITAPACI,1
GO,ITAPIRAPUA,1
GO,ITAPURANGA,2
GO,ITARUMA,1
GO,ITAUCU,1
GO,ITUMBIARA,6
GO,IVOLANDIA,1
GO,JANDAIA,1
GO,JARAGUA,2
GO,JATAI,5
GO,JAUPACI,1
GO,JESUPOLIS,1
GO,JOVIANIA,1
GO,JUSSARA,1
GO,LAGOA SANTA,1
GO,LEOPOLDO DE BULHOES,1
GO,LUZIANIA,6
GO,MAIRIPOTABA,1
GO,MARA ROSA,1
GO,MARZAGAO,1
GO,MATRINCHA,1
GO,MAURILANDIA,1
GO,MIMOSO DE GOIAS,1
GO,MINACU,2
GO,MINEIROS,1
GO,MOIPORA,1
GO,MONTE ALEGRE DE GOIAS,1
GO,MONTES CLAROS DE GOIAS,1
GO,MONTIVIDIU,1
GO,MONTIVIDIU DO NORTE,1
GO,MORRINHOS,3
GO,MORRO AGUDO DE GOIAS,1
GO,MOSSAMEDES,1
GO,MOZARLANDIA,1
GO,MUNDO NOVO,1
GO,MUTUNOPOLIS,1
GO,NAZARIO,1
GO,NEROPOLIS,1
GO,NIQUELANDIA,2
GO,NOVA AMERICA,1
GO,NOVA AURORA,1
GO,NOVA CRIXAS,1
GO,NOVA GLORIA,1
GO,NOVA IGUACU DE GOIAS,1
GO,NOVA ROMA,1
GO,NOVA VENEZA,1
GO,NOVO BRASIL,1
GO,NOVO GAMA,5
GO,NOVO PLANALTO,1
GO,ORIZONA,1
GO,OURO VERDE DE GOIAS,1
GO,OUVIDOR,1
GO,PADRE BERNARDO,1
GO,PALESTINA DE GOIAS,1
GO,PALMEIRAS DE GOIAS,2
GO,PALMELO,1
GO,PALMINOPOLIS,1
GO,PANAMA,1
GO,PARANAIGUARA,1
GO,PARAUNA,1
GO,PEROLANDIA,1
GO,PETROLINA DE GOIAS,1
GO,PILAR DE GOIAS,1
GO,PIRACANJUBA,1
GO,PIRANHAS,1
GO,PIRENOPOLIS,1
GO,PIRES DO RIO,2
GO,PLANALTINA,3
GO,PONTALINA,1
GO,PORANGATU,3
GO,PORTEIRAO,1
GO,PORTELANDIA,1
GO,POSSE,2
GO,PROFESSOR JAMIL,1
GO,QUIRINOPOLIS,4
GO,RIALMA,1
GO,RIANAPOLIS,1
GO,RIO QUENTE,1
GO,RIO VERDE,11
GO,RUBIATABA,1
GO,SANCLERLANDIA,1
GO,SANTA BARBARA DE GOIAS,1
GO,SANTA CRUZ DE GOIAS,1
GO,SANTA FE DE GOIAS,1
GO,SANTA HELENA DE GOIAS,4
GO,SANTA ISABEL,1
GO,SANTA RITA DO ARAGUAIA,1
GO,SANTA ROSA DE GOIAS,1
GO,SANTA TEREZA DE GOIAS,1
GO,SANTA TEREZINHA DE GOIAS,1
GO,SANTO ANTONIO DA BARRA,1
GO,SANTO ANTONIO DE GOIAS,1
GO,SANTO ANTONIO DO DESCOBERTO,3
GO,SAO FRANCISCO DE GOIAS,1
GO,SAO JOAO D ALIANCA,1
GO,SAO JOAO DA PARAUNA,1
GO,SAO LUIS DE MONTES BELOS,1
GO,SAO LUIZ DO NORTE,1
GO,SAO MIGUEL DO ARAGUAIA,2
GO,SAO MIGUEL DO PASSA QUATRO,1
GO,SAO PATRICIO,1
GO,SAO SIMAO,1
GO,SENADOR CANEDO,5
GO,SERRANOPOLIS,1
GO,SILVANIA,1
GO,SIMOLANDIA,1
GO,SITIO D ABADIA,1
GO,TAQUARAL DE GOIAS,1
GO,TEREZOPOLIS DE GOIAS,1
GO,TRES RANCHOS,1
GO,TRINDADE,8
GO,TROMBAS,1
GO,TURVANIA,1
GO,TURVELANDIA,1
GO,UIRAPURU,1
GO,URUACU,2
GO,URUANA,1
GO,URUTAI,1
GO,VALPARAISO DE GOIAS,4
GO,VARJAO,1
GO,VIANOPOLIS,1
GO,VICENTINOPOLIS,1
GO,VILA BOA,1
GO,VILA PROPICIO,1
MA,ACAILANDIA,5
MA,AFONSO CUNHA,1
MA,AGUA DOCE DO MARANHAO,1
MA,ALCANTARA,1
MA,ALDEIAS ALTAS,1
MA,ALTAMIRA DO MARANHAO,1
MA,ALTO ALEGRE DO MARANHAO,1
MA,ALTO ALEGRE DO PINDARE,1
MA,ALTO PARNAIBA,1
MA,AMAPA DO MARANHAO,1
MA,AMARANTE DO MARANHAO,1
MA,ANAJATUBA,1
MA,APICUM-ACU,1
MA,ARAIOSES,1
MA,ARARI,1
MA,AXIXA,1
MA,BACABAL,4
MA,BACABEIRA,1
MA,BACURITUBA,1
MA,BALSAS,4
MA,BARAO DE GRAJAU,1
MA,BARRA DO CORDA,2
MA,BARREIRINHAS,1
MA,BENEDITO LEITE,1
MA,BERNARDO DO MEARIM,1
MA,BOA VISTA DO GURUPI,1
MA,BOM JARDIM,1
MA,BOM JESUS DAS SELVAS,1
MA,BOM LUGAR,1
MA,BREJO,1
MA,BREJO DE AREIA,1
MA,BURITI,1
MA,BURITI BRAVO,1
MA,BURITICUPU,2
MA,BURITIRANA,1
MA,CAJAPIO,1
MA,CAJARI,1
MA,CAMPESTRE DO MARANHAO,1
MA,CANDIDO MENDES,1
MA,CANTANHEDE,1
MA,CAPINZAL DO NORTE,1
MA,CAROLINA,1
MA,CARUTAPERA,1
MA,CAXIAS,5
MA,CENTRAL DO MARANHAO,1
MA,CENTRO DO GUILHERME,1
MA,CENTRO NOVO DO MARANHAO,1
MA,CHAPADINHA,4
MA,CIDELANDIA,1
MA,CODO,5
MA,COELHO NETO,1
MA,COLINAS,1
MA,CONCEICAO DO LAGO-ACU,1
MA,COROATA,2
MA,CURURUPU,1
MA,DOM PEDRO,1
MA,DUQUE BACELAR,1
MA,ESPERANTINOPOLIS,1
MA,ESTREITO,2
MA,FEIRA NOVA DO MARANHAO,1
MA,FORMOSA DA SERRA NEGRA,1
MA,FORTALEZA DOS NOGUEIRAS,1
MA,FORTUNA,1
MA,GODOFREDO VIANA,1
MA,GONCALVES DIAS,1
MA,GOVERNADOR ARCHER,1
MA,GOVERNADOR EDISON LOBAO,1
MA,GOVERNADOR EUGENIO BARROS,1
MA,GOVERNADOR LUIZ ROCHA,1
MA,GOVERNADOR NUNES FREIRE,1
MA,GRACA ARANHA,1
MA,GRAJAU,3
MA,GUIMARAES,1
MA,HUMBERTO DE CAMPOS,1
MA,ICATU,1
MA,IGARAPE DO MEIO,1
MA,IGARAPE GRANDE,1
MA,IMPERATRIZ,13
MA,ITAIPAVA DO GRAJAU,1
MA,ITAPECURU MIRIM,2
MA,ITINGA DO MARANHAO,1
MA,JATOBA,1
MA,JENIPAPO DOS VIEIRAS,1
MA,JOAO LISBOA,1
MA,JOSELANDIA,1
MA,LAGO DA PEDRA,2
MA,LAGO DOS RODRIGUES,1
MA,LAGO VERDE,1
MA,LAGOA DO MATO,1
MA,LAJEADO NOVO,1
MA,LIMA CAMPOS,1
MA,LORETO,1
MA,LUIS DOMINGUES,1
MA,MAGALHAES DE ALMEIDA,1
MA,MARACACUME,1
MA,MARAJA DO SENA,1
MA,MARANHAOZINHO,1
MA,MATINHA,1
MA,MATOES,1
MA,MILAGRES DO MARANHAO,1
MA,MIRADOR,1
MA,MIRANDA DO NORTE,1
MA,MIRINZAL,1
MA,MONCAO,1
MA,MONTES ALTOS,1
MA,MORROS,1
MA,NINA RODRIGUES,1
MA,NOVA COLINAS,1
MA,NOVA IORQUE,1
MA,NOVA OLINDA DO MARANHAO,1
MA,OLHO D AGUA DAS CUNHAS,1
MA,PACO DO LUMIAR,4
MA,PALMEIRANDIA,1
MA,PARAIBANO,1
MA,PARNARAMA,1
MA,PASSAGEM FRANCA,1
MA,PASTOS BONS,1
MA,PAULO RAMOS,1
MA,PEDREIRAS,2
MA,PEDRO DO ROSARIO,1
MA,PENALVA,1
MA,PERI MIRIM,1
MA,PINDARE-MIRIM,1
MA,PINHEIRO,4
MA,PIO XII,1
MA,PIRAPEMAS,1
MA,POCAO DE PEDRAS,1
MA,PORTO FRANCO,1
MA,PORTO RICO DO MARANHAO,1
MA,PRESIDENTE DUTRA,2
MA,PRESIDENTE JUSCELINO,1
MA,PRESIDENTE VARGAS,1
MA,PRIMEIRA CRUZ,1
MA,RAPOSA,1
MA,RIACHAO,1
MA,RIBAMAR FIQUENE,1
MA,ROSARIO,1
MA,SAMBAIBA,1
MA,SANTA FILOMENA DO MARANHAO,1
MA,SANTA HELENA,1
MA,SANTA INES,3
MA,SANTA LUZIA,1
MA,SANTA QUITERIA DO MARANHAO,1
MA,SANTA RITA,1
MA,SANTANA DO MARANHAO,1
MA,SANTO AMARO DO MARANHAO,1
MA,SANTO ANTONIO DOS LOPES,1
MA,SAO BENEDITO DO RIO PRETO,1
MA,SAO BENTO,1
MA,SAO BERNARDO,1
MA,SAO DOMINGOS DO AZEITAO,1
MA,SAO FELIX DE BALSAS,1
MA,SAO FRANCISCO DO MARANHAO,1
MA,SAO JOAO BATISTA,1
MA,SAO JOAO DO CARU,1
MA,SAO JOAO DO PARAISO,1
MA,SAO JOAO DO SOTER,1
MA,SAO JOAO DOS PATOS,1
MA,SAO JOSE DE RIBAMAR,4
MA,SAO JOSE DOS BASILIOS,1
MA,SAO LUIS,50
MA,SAO LUIS GONZAGA DO MARANHAO,1
MA,SAO MATEUS DO MARANHAO,1
MA,SAO PEDRO DA AGUA BRANCA,1
MA,SAO PEDRO DOS CRENTES,1
MA,SAO RAIMUNDO DAS MANGABEIRAS,1
MA,SAO RAIMUNDO DO DOCA BEZERRA,1
MA,SAO ROBERTO,1
MA,SATUBINHA,1
MA,SENADOR ALEXANDRE COSTA,1
MA,SENADOR LA ROCQUE,1
MA,SITIO NOVO,1
MA,SUCUPIRA DO NORTE,1
MA,SUCUPIRA DO RIACHAO,1
MA,TASSO FRAGOSO,1
MA,TIMBIRAS,1
MA,TIMON,3
MA,TRIZIDELA DO VALE,1
MA,TUFILANDIA,1
MA,TUNTUM,1
MA,TURIACU,1
MA,TURILANDIA,1
MA,TUTOIA,1
MA,URBANO SANTOS,1
MA,VARGEM GRANDE,1
MA,VIANA,2
MA,VILA NOVA DOS MARTIRIOS,1
MA,VITORINO FREIRE,1
MA,ZE DOCA,1
MG,ABADIA DOS DOURADOS,1
MG,ABAETE,2
MG,ABRE CAMPO,1
MG,ACAIACA,1
MG,ACUCENA,1
MG,AGUA BOA,1
MG,AGUA COMPRIDA,1
MG,AGUANIL,1
MG,AGUAS FORMOSAS,1
MG,AGUAS VERMELHAS,1
MG,AIMORES,1
MG,AIURUOCA,1
MG,ALAGOA,1
MG,ALBERTINA,1
MG,ALEM PARAIBA,2
MG,ALFENAS,8
MG,ALFREDO VASCONCELOS,1
MG,ALMENARA,2
MG,ALPERCATA,1
MG,ALPINOPOLIS,1
MG,ALTEROSA,1
MG,ALTO CAPARAO,1
MG,ALTO JEQUITIBA,1
MG,ALTO RIO DOCE,1
MG,ALVARENGA,1
MG,ALVINOPOLIS,1
MG,ALVORADA DE MINAS,1
MG,AMPARO DO SERRA,1
MG,ANDRADAS,3
MG,ANDRELANDIA,1
MG,ANGELANDIA,1
MG,ANTONIO CARLOS,1
MG,ANTONIO DIAS,1
MG,ARACAI,1
MG,ARACITABA,1
MG,ARACUAI,2
MG,ARAGUARI,8
MG,ARANTINA,1
MG,ARAPONGA,1
MG,ARAPORA,1
MG,ARAPUA,1
MG,ARAXA,7
MG,ARCEBURGO,1
MG,ARCOS,2
MG,AREADO,1
MG,ARGIRITA,1
MG,ARINOS,1
MG,AUGUSTO DE LIMA,1
MG,BAEPENDI,1
MG,BALDIM,1
MG,BAMBUI,2
MG,BANDEIRA,1
MG,BANDEIRA DO SUL,1
MG,BARAO DE COCAIS,1
MG,BARAO DE MONTE ALTO,1
MG,BARBACENA,9
MG,BARRA LONGA,1
MG,BARROSO,1
MG,BELA VISTA DE MINAS,1
MG,BELMIRO BRAGA,1
MG,BELO HORIZONTE,218
MG,BELO ORIENTE,2
MG,BELO VALE,1
MG,BERILO,1
MG,BERIZAL,1
MG,BERTOPOLIS,1
MG,BETIM,15
MG,BIAS FORTES,1
MG,BICAS,1
MG,BIQUINHAS,1
MG,BOA ESPERANCA,2
MG,BOCAINA DE MINAS,1
MG,BOCAIUVA,3
MG,BOM DESPACHO,3
MG,BOM JARDIM DE MINAS,1
MG,BOM JESUS DA PENHA,1
MG,BOM JESUS DO GALHO,1
MG,BOM REPOUSO,1
MG,BOM SUCESSO,1
MG,BONFIM,1
MG,BONFINOPOLIS DE MINAS,1
MG,BONITO DE MINAS,1
MG,BORDA DA MATA,1
MG,BOTELHOS,1
MG,BOTUMIRIM,1
MG,BRAS PIRES,1
MG,BRASILANDIA DE MINAS,1
MG,BRASILIA DE MINAS,2
MG,BRASOPOLIS,1
MG,BRAUNAS,1
MG,BRUMADINHO,1
MG,BUENO BRANDAO,1
MG,BUENOPOLIS,1
MG,BUGRE,1
MG,BURITIS,1
MG,BURITIZEIRO,1
MG,CABECEIRA GRANDE,1
MG,CABO VERDE,1
MG,CACHOEIRA DA PRATA,1
MG,CACHOEIRA DE MINAS,1
MG,CACHOEIRA DE PAJEU,1
MG,CACHOEIRA DOURADA,1
MG,CAETANOPOLIS,1
MG,CAETE,3
MG,CAIANA,1
MG,CAJURI,1
MG,CALDAS,1
MG,CAMACHO,1
MG,CAMANDUCAIA,2
MG,CAMBUI,3
MG,CAMBUQUIRA,1
MG,CAMPANARIO,1
MG,CAMPANHA,1
MG,CAMPESTRE,1
MG,CAMPINA VERDE,1
MG,CAMPO AZUL,1
MG,CAMPO BELO,4
MG,CAMPO DO MEIO,1
MG,CAMPO FLORIDO,1
MG,CAMPOS ALTOS,1
MG,CAMPOS GERAIS,2
MG,CANA VERDE,1
MG,CANAA,1
MG,CANAPOLIS,1
MG,CANDEIAS,1
MG,CAPARAO,1
MG,CAPELA NOVA,1
MG,CAPELINHA,2
MG,CAPETINGA,1
MG,CAPIM BRANCO,1
MG,CAPINOPOLIS,1
MG,CAPITAO ANDRADE,1
MG,CAPITAO ENEAS,1
MG,CAPITOLIO,1
MG,CAPUTIRA,1
MG,CARAI,1
MG,CARANAIBA,1
MG,CARANDAI,1
MG,CARANGOLA,2
MG,CARATINGA,4
MG,CARBONITA,1
MG,CAREACU,1
MG,CARLOS CHAGAS,1
MG,CARMESIA,1
MG,CARMO DA CACHOEIRA,1
MG,CARMO DA MATA,1
MG,CARMO DE MINAS,1
MG,CARMO DO CAJURU,2
MG,CARMO DO PARANAIBA,3
MG,CARMO DO RIO CLARO,1
MG,CARMOPOLIS DE MINAS,1
MG,CARNEIRINHO,1
MG,CARRANCAS,1
MG,CARVALHOS,1
MG,CASA GRANDE,1
MG,CASSIA,1
MG,CATAGUASES,5
MG,CATAS ALTAS,1
MG,CATAS ALTAS DA NORUEGA,1
MG,CATUJI,1
MG,CATUTI,1
MG,CAXAMBU,3
MG,CEDRO DO ABAETE,1
MG,CENTRAL DE MINAS,1
MG,CENTRALINA,1
MG,CHACARA,1
MG,CHALE,1
MG,CHAPADA GAUCHA,1
MG,CHIADOR,1
MG,CIPOTANEA,1
MG,CLARAVAL,1
MG,CLARO DOS POCOES,1
MG,COIMBRA,1
MG,COLUNA,1
MG,COMENDADOR GOMES,1
MG,COMERCINHO,1
MG,CONCEICAO DA APARECIDA,1
MG,CONCEICAO DA BARRA DE MINAS,1
MG,CONCEICAO DAS ALAGOAS,1
MG,CONCEICAO DAS PEDRAS,1
MG,CONCEICAO DO MATO DENTRO,1
MG,CONCEICAO DO PARA,1
MG,CONCEICAO DO RIO VERDE,1
MG,CONCEICAO DOS OUROS,1
MG,CONEGO MARINHO,1
MG,CONFINS,1
MG,CONGONHAL,1
MG,CONGONHAS,3
MG,CONGONHAS DO NORTE,1
MG,CONQUISTA,1
MG,CONSELHEIRO LAFAIETE,8
MG,CONSELHEIRO PENA,1
MG,CONSOLACAO,1
MG,CONTAGEM,34
MG,COQUEIRAL,1
MG,CORACAO DE JESUS,1
MG,CORDISBURGO,1
MG,CORDISLANDIA,1
MG,COROACI,1
MG,COROMANDEL,1
MG,CORONEL FABRICIANO,7
MG,CORONEL MURTA,1
MG,CORONEL PACHECO,1
MG,CORONEL XAVIER CHAVES,1
MG,CORREGO DANTA,1
MG,CORREGO DO BOM JESUS,1
MG,CORREGO FUNDO,1
MG,CORREGO NOVO,1
MG,COUTO DE MAGALHAES DE MINAS,1
MG,CRISOLITA,1
MG,CRISTAIS,1
MG,CRISTIANO OTONI,1
MG,CRISTINA,1
MG,CRUCILANDIA,1
MG,CRUZEIRO DA FORTALEZA,1
MG,CUPARAQUE,1
MG,CURRAL DE DENTRO,1
MG,CURVELO,4
MG,DATAS,1
MG,DELFIM MOREIRA,1
MG,DELFINOPOLIS,1
MG,DELTA,1
MG,DESCOBERTO,1
MG,DESTERRO DE ENTRE RIOS,1
MG,DESTERRO DO MELO,1
MG,DIAMANTINA,3
MG,DIOGO DE VASCONCELOS,1
MG,DIONISIO,1
MG,DIVINESIA,1
MG,DIVINO,1
MG,DIVINO DAS LARANJEIRAS,1
MG,DIVINOLANDIA DE MINAS,1
MG,DIVINOPOLIS,19
MG,DIVISA ALEGRE,1
MG,DIVISA NOVA,1
MG,DIVISOPOLIS,1
MG,DOM BOSCO,1
MG,DOM CAVATI,1
MG,DOM SILVERIO,1
MG,DOM VICOSO,1
MG,DONA EUSEBIA,1
MG,DORES DE CAMPOS,1
MG,DORES DE GUANHAES,1
MG,DORES DO INDAIA,1
MG,DORES DO TURVO,1
MG,DORESOPOLIS,1
MG,DOURADOQUARA,1
MG,DURANDE,1
MG,ELOI MENDES,2
MG,ENGENHEIRO CALDAS,1
MG,ENTRE FOLHAS,1
MG,ENTRE RIOS DE MINAS,1
MG,ERVALIA,1
MG,ESMERALDAS,2
MG,ESPERA FELIZ,1
MG,ESPINOSA,2
MG,ESPIRITO SANTO DO DOURADO,1
MG,ESTIVA,1
MG,ESTRELA DALVA,1
MG,ESTRELA DO INDAIA,1
MG,ESTRELA DO SUL,1
MG,EUGENOPOLIS,1
MG,EWBANK DA CAMARA,1
MG,EXTREMA,2
MG,FAMA,1
MG,FARIA LEMOS,1
MG,FELICIO DOS SANTOS,1
MG,FELISBURGO,1
MG,FELIXLANDIA,1
MG,FERNANDES TOURINHO,1
MG,FERROS,1
MG,FERVEDOURO,1
MG,FLORESTAL,1
MG,FORMIGA,5
MG,FORMOSO,1
MG,FORTALEZA DE MINAS,1
MG,FORTUNA DE MINAS,1
MG,FRANCISCO BADARO,1
MG,FRANCISCO DUMONT,1
MG,FRANCISCO SA,1
MG,FRANCISCOPOLIS,1
MG,FREI GASPAR,1
MG,FREI INOCENCIO,1
MG,FREI LAGONEGRO,1
MG,FRONTEIRA,1
MG,FRONTEIRA DOS VALES,1
MG,FRUTA DE LEITE,1
MG,FRUTAL,5
MG,FUNILANDIA,1
MG,GALILEIA,1
MG,GAMELEIRAS,1
MG,GLAUCILANDIA,1
MG,GOIABEIRA,1
MG,GOIANA,1
MG,GONCALVES,1
MG,GONZAGA,1
MG,GOUVEIA,1
MG,GOVERNADOR VALADARES,17
MG,GRAO MOGOL,1
MG,GRUPIARA,1
MG,GUANHAES,1
MG,GUAPE,1
MG,GUARACIABA,1
MG,GUARACIAMA,1
MG,GUARANESIA,2
MG,GUARANI,1
MG,GUARARA,1
MG,GUARDA-MOR,1
MG,GUAXUPE,4
MG,GUIDOVAL,1
MG,GUIMARANIA,1
MG,GUIRICEMA,1
MG,GURINHATA,1
MG,HELIODORA,1
MG,IAPU,1
MG,IBERTIOGA,1
MG,IBIA,2
MG,IBIAI,1
MG,IBIRACATU,1
MG,IBIRACI,1
MG,IBIRITE,6
MG,IBITURUNA,1
MG,ICARAI DE MINAS,1
MG,IGARAPE,2
MG,IGARATINGA,1
MG,IGUATAMA,1
MG,IJACI,1
MG,ILICINEA,1
MG,IMBE DE MINAS,1
MG,INCONFIDENTES,1
MG,INDAIABIRA,1
MG,INDIANOPOLIS,1
MG,INGAI,1
MG,INHAPIM,1
MG,IPABA,1
MG,IPANEMA,1
MG,IPATINGA,14
MG,IPIACU,1
MG,IPUIUNA,1
MG,IRAI DE MINAS,1
MG,ITABIRA,8
MG,ITABIRINHA,1
MG,ITABIRITO,2
MG,ITACAMBIRA,1
MG,ITACARAMBI,1
MG,ITAGUARA,1
MG,ITAIPE,1
MG,ITAJUBA,7
MG,ITAMARANDIBA,1
MG,ITAMARATI DE MINAS,1
MG,ITAMBACURI,1
MG,ITAMBE DO MATO DENTRO,1
MG,ITAMOGI,1
MG,ITAMONTE,1
MG,ITANHANDU,1
MG,ITANHOMI,1
MG,ITAOBIM,1
MG,ITAPAGIPE,1
MG,ITAPECERICA,1
MG,ITAPEVA,1
MG,ITATIAIUCU,1
MG,ITAU DE MINAS,1
MG,ITAUNA,6
MG,ITAVERAVA,1
MG,ITINGA,1
MG,ITUETA,1
MG,ITUIUTABA,7
MG,ITUMIRIM,1
MG,ITURAMA,3
MG,JABOTICATUBAS,1
MG,JACINTO,1
MG,JACUI,1
MG,JACUTINGA,1
MG,JAGUARACU,1
MG,JAIBA,2
MG,JAMPRUCA,1
MG,JANAUBA,4
MG,JANUARIA,4
MG,JAPARAIBA,1
MG,JAPONVAR,1
MG,JECEABA,1
MG,JENIPAPO DE MINAS,1
MG,JEQUERI,1
MG,JEQUITAI,1
MG,JEQUITIBA,1
MG,JEQUITINHONHA,1
MG,JESUANIA,1
MG,JOAIMA,1
MG,JOANESIA,1
MG,JOAO MONLEVADE,5
MG,JOAO PINHEIRO,2
MG,JOAQUIM FELICIO,1
MG,JORDANIA,1
MG,JOSE GONCALVES DE MINAS,1
MG,JOSE RAYDAN,1
MG,JOSENOPOLIS,1
MG,JUATUBA,1
MG,JUIZ DE FORA,39
MG,JURAMENTO,1
MG,JURUAIA,1
MG,JUVENILIA,1
MG,LADAINHA,1
MG,LAGAMAR,1
MG,LAGOA DA PRATA,3
MG,LAGOA DOS PATOS,1
MG,LAGOA DOURADA,1
MG,LAGOA FORMOSA,1
MG,LAGOA GRANDE,1
MG,LAGOA SANTA,3
MG,LAJINHA,1
MG,LAMBARI,2
MG,LAMIM,1
MG,LARANJAL,1
MG,LASSANCE,1
MG,LAVRAS,8
MG,LEME DO PRADO,1
MG,LEOPOLDINA,3
MG,LIBERDADE,1
MG,LIMA DUARTE,1
MG,LIMEIRA DO OESTE,1
MG,LONTRA,1
MG,LUISLANDIA,1
MG,LUMINARIAS,1
MG,LUZ,1
MG,MACHACALIS,1
MG,MACHADO,2
MG,MADRE DE DEUS DE MINAS,1
MG,MALACACHETA,1
MG,MAMONAS,1
MG,MANGA,1
MG,MANHUACU,5
MG,MAR DE ESPANHA,1
MG,MARAVILHAS,1
MG,MARIA DA FE,1
MG,MARIANA,3
MG,MARILAC,1
MG,MARIO CAMPOS,1
MG,MARLIERIA,1
MG,MARMELOPOLIS,1
MG,MARTINHO CAMPOS,1
MG,MARTINS SOARES,1
MG,MATA VERDE,1
MG,MATERLANDIA,1
MG,MATEUS LEME,2
MG,MATHIAS LOBATO,1
MG,MATIAS BARBOSA,1
MG,MATIAS CARDOSO,1
MG,MATIPO,1
MG,MATO VERDE,1
MG,MATOZINHOS,2
MG,MATUTINA,1
MG,MEDINA,1
MG,MERCES,1
MG,MESQUITA,1
MG,MINAS NOVAS,1
MG,MINDURI,1
MG,MIRABELA,1
MG,MIRADOURO,1
MG,MIRAI,1
MG,MIRAVANIA,1
MG,MOEDA,1
MG,MOEMA,1
MG,MONJOLOS,1
MG,MONSENHOR PAULO,1
MG,MONTALVANIA,1
MG,MONTE ALEGRE DE MINAS,1
MG,MONTE AZUL,1
MG,MONTE BELO,1
MG,MONTE CARMELO,2
MG,MONTE SANTO DE MINAS,1
MG,MONTE SIAO,1
MG,MONTES CLAROS,22
MG,MONTEZUMA,1
MG,MORADA NOVA DE MINAS,1
MG,MORRO DA GARCA,1
MG,MORRO DO PILAR,1
MG,MUNHOZ,1
MG,MURIAE,7
MG,MUTUM,1
MG,MUZAMBINHO,2
MG,NACIP RAYDAN,1
MG,NANUQUE,2
MG,NAQUE,1
MG,NATALANDIA,1
MG,NATERCIA,1
MG,NAZARENO,1
MG,NEPOMUCENO,2
MG,NINHEIRA,1
MG,NOVA BELEM,1
MG,NOVA ERA,1
MG,NOVA LIMA,5
MG,NOVA MODICA,1
MG,NOVA PONTE,1
MG,NOVA PORTEIRINHA,1
MG,NOVA RESENDE,1
MG,NOVA SERRANA,4
MG,NOVA UNIAO,1
MG,NOVO CRUZEIRO,2
MG,NOVO ORIENTE DE MINAS,1
MG,NOVORIZONTE,1
MG,OLARIA,1
MG,OLHOS-D AGUA,1
MG,OLIMPIO NORONHA,1
MG,OLIVEIRA,3
MG,ONCA DE PITANGUI,1
MG,ORATORIOS,1
MG,ORIZANIA,1
MG,OURO BRANCO,2
MG,OURO FINO,2
MG,OURO PRETO,4
MG,OURO VERDE DE MINAS,1
MG,PADRE CARVALHO,1
MG,PADRE PARAISO,1
MG,PAI PEDRO,1
MG,PAINEIRAS,1
MG,PAINS,1
MG,PAIVA,1
MG,PALMA,1
MG,PALMOPOLIS,1
MG,PAPAGAIOS,1
MG,PARA DE MINAS,6
MG,PARACATU,4
MG,PARAGUACU,1
MG,PARAISOPOLIS,1
MG,PARAOPEBA,2
MG,PASSA QUATRO,1
MG,PASSA TEMPO,1
MG,PASSA-VINTE,1
MG,PASSOS,7
MG,PATIS,1
MG,PATOS DE MINAS,9
MG,PATROCINIO,6
MG,PATROCINIO DO MURIAE,1
MG,PAULA CANDIDO,1
MG,PAULISTAS,1
MG,PAVAO,1
MG,PECANHA,1
MG,PEDRA AZUL,1
MG,PEDRA BONITA,1
MG,PEDRA DO ANTA,1
MG,PEDRA DO INDAIA,1
MG,PEDRALVA,1
MG,PEDRAS DE MARIA DA CRUZ,1
MG,PEDRINOPOLIS,1
MG,PEDRO LEOPOLDO,3
MG,PEDRO TEIXEIRA,1
MG,PEQUI,1
MG,PERDIGAO,1
MG,PERDIZES,1
MG,PERDOES,1
MG,PESCADOR,1
MG,PIAU,1
MG,PIEDADE DE CARATINGA,1
MG,PIEDADE DE PONTE NOVA,1
MG,PIEDADE DO RIO GRANDE,1
MG,PIEDADE DOS GERAIS,1
MG,PIMENTA,1
MG,PINGO-D AGUA,1
MG,PIRACEMA,1
MG,PIRAJUBA,1
MG,PIRANGA,1
MG,PIRANGUCU,1
MG,PIRANGUINHO,1
MG,PIRAPETINGA,1
MG,PIRAPORA,3
MG,PIRAUBA,1
MG,PITANGUI,2
MG,PIUMHI,2
MG,PLANURA,1
MG,POCO FUNDO,1
MG,POCOS DE CALDAS,11
MG,POCRANE,1
MG,POMPEU,2
MG,PONTE NOVA,6
MG,PONTO CHIQUE,1
MG,PONTO DOS VOLANTES,1
MG,PORTEIRINHA,2
MG,PORTO FIRME,1
MG,POTE,1
MG,POUSO ALEGRE,11
MG,POUSO ALTO,1
MG,PRADOS,1
MG,PRATA,1
MG,PRATAPOLIS,1
MG,PRATINHA,1
MG,PRESIDENTE BERNARDES,1
MG,PRESIDENTE JUSCELINO,1
MG,PRESIDENTE KUBITSCHEK,1
MG,PRESIDENTE OLEGARIO,1
MG,PRUDENTE DE MORAIS,1
MG,QUARTEL GERAL,1
MG,QUELUZITO,1
MG,RAPOSOS,1
MG,RAUL SOARES,1
MG,RECREIO,1
MG,RESENDE COSTA,1
MG,RESPLENDOR,1
MG,RESSAQUINHA,1
MG,RIACHINHO,1
MG,RIACHO DOS MACHADOS,1
MG,RIBEIRAO DAS NEVES,12
MG,RIBEIRAO VERMELHO,1
MG,RIO ACIMA,1
MG,RIO CASCA,1
MG,RIO DO PRADO,1
MG,RIO DOCE,1
MG,RIO ESPERA,1
MG,RIO MANSO,1
MG,RIO NOVO,1
MG,RIO PARANAIBA,1
MG,RIO PARDO DE MINAS,1
MG,RIO PIRACICABA,1
MG,RIO POMBA,1
MG,RIO PRETO,1
MG,RIO VERMELHO,1
MG,RITAPOLIS,1
MG,ROCHEDO DE MINAS,1
MG,RODEIRO,1
MG,ROMARIA,1
MG,ROSARIO DA LIMEIRA,1
MG,RUBIM,1
MG,SABARA,5
MG,SABINOPOLIS,1
MG,SACRAMENTO,1
MG,SALINAS,2
MG,SALTO DA DIVISA,1
MG,SANTA BARBARA,1
MG,SANTA BARBARA DO LESTE,1
MG,SANTA BARBARA DO MONTE VERDE,1
MG,SANTA BARBARA DO TUGURIO,1
MG,SANTA CRUZ DE MINAS,1
MG,SANTA CRUZ DE SALINAS,1
MG,SANTA CRUZ DO ESCALVADO,1
MG,SANTA EFIGENIA DE MINAS,1
MG,SANTA FE DE MINAS,1
MG,SANTA HELENA DE MINAS,1
MG,SANTA JULIANA,1
MG,SANTA LUZIA,5
MG,SANTA MARGARIDA,1
MG,SANTA MARIA DE ITABIRA,1
MG,SANTA MARIA DO SUACUI,1
MG,SANTA RITA DE CALDAS,1
MG,SANTA RITA DE IBITIPOCA,1
MG,SANTA RITA DE JACUTINGA,1
MG,SANTA RITA DE MINAS,1
MG,SANTA RITA DO ITUETO,1
MG,SANTA RITA DO SAPUCAI,2
MG,SANTA ROSA DA SERRA,1
MG,SANTA VITORIA,1
MG,SANTANA DA VARGEM,1
MG,SANTANA DE CATAGUASES,1
MG,SANTANA DE PIRAPAMA,1
MG,SANTANA DO DESERTO,1
MG,SANTANA DO GARAMBEU,1
MG,SANTANA DO JACARE,1
MG,SANTANA DO MANHUACU,1
MG,SANTANA DO PARAISO,1
MG,SANTANA DO RIACHO,1
MG,SANTANA DOS MONTES,1
MG,SANTO ANTONIO DO AMPARO,1
MG,SANTO ANTONIO DO AVENTUREIRO,1
MG,SANTO ANTONIO DO GRAMA,1
MG,SANTO ANTONIO DO ITAMBE,1
MG,SANTO ANTONIO DO JACINTO,1
MG,SANTO ANTONIO DO MONTE,2
MG,SANTO ANTONIO DO RETIRO,1
MG,SANTO ANTONIO DO RIO ABAIXO,1
MG,SANTO HIPOLITO,1
MG,SANTOS DUMONT,3
MG,SAO BENTO ABADE,1
MG,SAO BRAS DO SUACUI,1
MG,SAO DOMINGOS DAS DORES,1
MG,SAO DOMINGOS DO PRATA,1
MG,SAO FRANCISCO,2
MG,SAO FRANCISCO DE PAULA,1
MG,SAO FRANCISCO DE SALES,1
MG,SAO FRANCISCO DO GLORIA,1
MG,SAO GERALDO,1
MG,SAO GERALDO DA PIEDADE,1
MG,SAO GERALDO DO BAIXIO,1
MG,SAO GONCALO DO RIO ABAIXO,1
MG,SAO GONCALO DO RIO PRETO,1
MG,SAO GONCALO DO SAPUCAI,2
MG,SAO GOTARDO,2
MG,SAO JOAO BATISTA DO GLORIA,1
MG,SAO JOAO DA LAGOA,1
MG,SAO JOAO DA MATA,1
MG,SAO JOAO DAS MISSOES,1
MG,SAO JOAO DEL REI,10
MG,SAO JOAO DO MANHUACU,1
MG,SAO JOAO DO MANTENINHA,1
MG,SAO JOAO DO ORIENTE,1
MG,SAO JOAO DO PACUI,1
MG,SAO JOAO DO PARAISO,1
MG,SAO JOAO EVANGELISTA,1
MG,SAO JOAO NEPOMUCENO,1
MG,SAO JOAQUIM DE BICAS,1
MG,SAO JOSE DA BARRA,1
MG,SAO JOSE DA LAPA,2
MG,SAO JOSE DA SAFIRA,1
MG,SAO JOSE DA VARGINHA,1
MG,SAO JOSE DO ALEGRE,1
MG,SAO JOSE DO DIVINO,1
MG,SAO JOSE DO GOIABAL,1
MG,SAO JOSE DO JACURI,1
MG,SAO JOSE DO MANTIMENTO,1
MG,SAO LOURENCO,4
MG,SAO MIGUEL DO ANTA,1
MG,SAO PEDRO DA UNIAO,1
MG,SAO PEDRO DO SUACUI,1
MG,SAO PEDRO DOS FERROS,1
MG,SAO ROMAO,1
MG,SAO ROQUE DE MINAS,1
MG,SAO SEBASTIAO DA BELA VISTA,1
MG,SAO SEBASTIAO DA VARGEM ALEGRE,1
MG,SAO SEBASTIAO DO ANTA,1
MG,SAO SEBASTIAO DO MARANHAO,1
MG,SAO SEBASTIAO DO OESTE,1
MG,SAO SEBASTIAO DO PARAISO,4
MG,SAO SEBASTIAO DO RIO VERDE,1
MG,SAO THOME DAS LETRAS,1
MG,SAO TIAGO,1
MG,SAO TOMAS DE AQUINO,1
MG,SAO VICENTE DE MINAS,1
MG,SAPUCAI-MIRIM,1
MG,SARDOA,1
MG,SARZEDO,1
MG,SEM-PEIXE,1
MG,SENADOR CORTES,1
MG,SENADOR FIRMINO,1
MG,SENADOR JOSE BENTO,1
MG,SENADOR MODESTINO GONCALVES,1
MG,SENHORA DE OLIVEIRA,1
MG,SENHORA DO PORTO,1
MG,SENHORA DOS REMEDIOS,1
MG,SERICITA,1
MG,SERITINGA,1
MG,SERRA AZUL DE MINAS,1
MG,SERRA DA SAUDADE,1
MG,SERRA DO SALITRE,1
MG,SERRA DOS AIMORES,1
MG,SERRANIA,1
MG,SERRANOS,1
MG,SERRO,1
MG,SETE LAGOAS,15
MG,SETUBINHA,1
MG,SILVEIRANIA,1
MG,SILVIANOPOLIS,1
MG,SIMAO PEREIRA,1
MG,SIMONESIA,1
MG,SOBRALIA,1
MG,SOLEDADE DE MINAS,1
MG,TABULEIRO,1
MG,TAIOBEIRAS,2
MG,TAPARUBA,1
MG,TAPIRA,1
MG,TAPIRAI,1
MG,TAQUARACU DE MINAS,1
MG,TARUMIRIM,1
MG,TEIXEIRAS,1
MG,TEOFILO OTONI,7
MG,TIMOTEO,6
MG,TIRADENTES,1
MG,TIROS,1
MG,TOCANTINS,1
MG,TOCOS DO MOJI,1
MG,TOLEDO,1
MG,TRES CORACOES,5
MG,TRES MARIAS,2
MG,TRES PONTAS,4
MG,TUMIRITINGA,1
MG,TUPACIGUARA,1
MG,TURMALINA,1
MG,TURVOLANDIA,1
MG,UBA,7
MG,UBAI,1
MG,UBAPORANGA,1
MG,UBERABA,21
MG,UBERLANDIA,38
MG,UMBURATIBA,1
MG,UNAI,6
MG,UNIAO DE MINAS,1
MG,URUANA DE MINAS,1
MG,URUCANIA,1
MG,URUCUIA,1
MG,VARGEM ALEGRE,1
MG,VARGEM BONITA,1
MG,VARGEM GRANDE DO RIO PARDO,1
MG,VARGINHA,9
MG,VARJAO DE MINAS,1
MG,VARZEA DA PALMA,2
MG,VARZELANDIA,1
MG,VAZANTE,1
MG,VERDELANDIA,1
MG,VEREDINHA,1
MG,VERISSIMO,1
MG,VERMELHO NOVO,1
MG,VESPASIANO,5
MG,VICOSA,6
MG,VIEIRAS,1
MG,VIRGEM DA LAPA,1
MG,VIRGINIA,1
MG,VIRGINOPOLIS,1
MG,VIRGOLANDIA,1
MG,VISCONDE DO RIO BRANCO,2
MG,VOLTA GRANDE,1
MG,WENCESLAU BRAZ,1
MS,AGUA CLARA,1
MS,ALCINOPOLIS,1
MS,AMAMBAI,2
MS,ANASTACIO,1
MS,ANAURILANDIA,1
MS,ANGELICA,1
MS,ANTONIO JOAO,1
MS,APARECIDA DO TABOADO,1
MS,AQUIDAUANA,2
MS,ARAL MOREIRA,1
MS,BANDEIRANTES,1
MS,BATAGUASSU,1
MS,BATAYPORA,1
MS,BELA VISTA,1
MS,BODOQUENA,1
MS,BONITO,1
MS,BRASILANDIA,1
MS,CAARAPO,1
MS,CAMAPUA,1
MS,CAMPO GRANDE,53
MS,CARACOL,1
MS,CASSILANDIA,1
MS,CHAPADAO DO SUL,1
MS,CORONEL SAPUCAIA,1
MS,CORUMBA,7
MS,COSTA RICA,1
MS,COXIM,2
MS,DEODAPOLIS,1
MS,DOIS IRMAOS DO BURITI,1
MS,DOURADINA,1
MS,DOURADOS,8
MS,ELDORADO,1
MS,FATIMA DO SUL,1
MS,FIGUEIRAO,1
MS,GLORIA DE DOURADOS,1
MS,GUIA LOPES DA LAGUNA,1
MS,IGUATEMI,1
MS,INOCENCIA,1
MS,ITAPORA,1
MS,ITAQUIRAI,1
MS,IVINHEMA,1
MS,JARAGUARI,1
MS,JARDIM,1
MS,JATEI,1
MS,JUTI,1
MS,LADARIO,1
MS,LAGUNA CARAPA,1
MS,MARACAJU,2
MS,MIRANDA,1
MS,MUNDO NOVO,1
MS,NAVIRAI,2
MS,NIOAQUE,1
MS,NOVA ALVORADA DO SUL,1
MS,NOVA ANDRADINA,2
MS,NOVO HORIZONTE DO SUL,1
MS,PARAISO DAS AGUAS,1
MS,PARANAIBA,2
MS,PEDRO GOMES,1
MS,PONTA PORA,4
MS,PORTO MURTINHO,1
MS,RIO BRILHANTE,2
MS,RIO NEGRO,1
MS,RIO VERDE DE MATO GROSSO,1
MS,ROCHEDO,1
MS,SAO GABRIEL DO OESTE,1
MS,SELVIRIA,1
MS,SETE QUEDAS,1
MS,SIDROLANDIA,2
MS,SONORA,1
MS,TACURU,1
MS,TAQUARUSSU,1
MS,TERENOS,1
MS,TRES LAGOAS,7
MS,VICENTINA,1
MT,ACORIZAL,1
MT,AGUA BOA,1
MT,ALTA FLORESTA,2
MT,ALTO ARAGUAIA,1
MT,ALTO BOA VISTA,1
MT,ALTO GARCAS,1
MT,ALTO PARAGUAI,1
MT,ALTO TAQUARI,1
MT,APIACAS,1
MT,ARAGUAIANA,1
MT,ARAGUAINHA,1
MT,ARAPUTANGA,1
MT,ARENAPOLIS,1
MT,ARIPUANA,1
MT,BARAO DE MELGACO,1
MT,BARRA DO BUGRES,2
MT,BARRA DO GARCAS,3
MT,BOM JESUS DO ARAGUAIA,1
MT,BRASNORTE,1
MT,CACERES,5
MT,CAMPINAPOLIS,1
MT,CAMPO NOVO DO PARECIS,1
MT,CAMPO VERDE,2
MT,CANABRAVA DO NORTE,1
MT,CANARANA,1
MT,CARLINDA,1
MT,CASTANHEIRA,1
MT,CHAPADA DOS GUIMARAES,1
MT,CLAUDIA,1
MT,COCALINHO,1
MT,COLIDER,2
MT,COLNIZA,1
MT,COMODORO,1
MT,CONFRESA,1
MT,CONQUISTA D OESTE,1
MT,COTRIGUACU,1
MT,CUIABA,34
MT,CURVELANDIA,1
MT,DENISE,1
MT,DIAMANTINO,1
MT,DOM AQUINO,1
MT,FELIZ NATAL,1
MT,FIGUEIROPOLIS D OESTE,1
MT,GAUCHA DO NORTE,1
MT,GENERAL CARNEIRO,1
MT,GUARANTA DO NORTE,2
MT,GUIRATINGA,1
MT,INDIAVAI,1
MT,IPIRANGA DO NORTE,1
MT,ITANHANGA,1
MT,ITAUBA,1
MT,ITIQUIRA,1
MT,JACIARA,1
MT,JANGADA,1
MT,JAURU,1
MT,JUARA,2
MT,JUINA,1
MT,JURUENA,1
MT,JUSCIMEIRA,1
MT,LAMBARI D OESTE,1
MT,LUCAS DO RIO VERDE,2
MT,LUCIARA,1
MT,MARCELANDIA,1
MT,MATUPA,1
MT,MIRASSOL D OESTE,1
MT,NOBRES,1
MT,NORTELANDIA,1
MT,NOSSA SENHORA DO LIVRAMENTO,1
MT,NOVA BANDEIRANTES,1
MT,NOVA BRASILANDIA,1
MT,NOVA CANAA DO NORTE,1
MT,NOVA GUARITA,1
MT,NOVA LACERDA,1
MT,NOVA MARILANDIA,1
MT,NOVA MARINGA,1
MT,NOVA MONTE VERDE,1
MT,NOVA MUTUM,2
MT,NOVA NAZARE,1
MT,NOVA SANTA HELENA,1
MT,NOVA UBIRATA,1
MT,NOVA XAVANTINA,1
MT,NOVO HORIZONTE DO NORTE,1
MT,NOVO MUNDO,1
MT,NOVO SANTO ANTONIO,1
MT,NOVO SAO JOAQUIM,1
MT,PARANAITA,1
MT,PARANATINGA,1
MT,PEDRA PRETA,1
MT,PEIXOTO DE AZEVEDO,1
MT,PLANALTO DA SERRA,1
MT,POCONE,1
MT,PONTAL DO ARAGUAIA,1
MT,PONTE BRANCA,1
MT,PONTES E LACERDA,2
MT,PORTO ALEGRE DO NORTE,1
MT,PORTO DOS GAUCHOS,1
MT,PORTO ESPERIDIAO,1
MT,POXOREO,1
MT,PRIMAVERA DO LESTE,3
MT,QUERENCIA,1
MT,RESERVA DO CABACAL,1
MT,RIBEIRAO CASCALHEIRA,1
MT,RIBEIRAOZINHO,1
MT,RIO BRANCO,1
MT,RONDOLANDIA,1
MT,RONDONOPOLIS,12
MT,ROSARIO OESTE,1
MT,SALTO DO CEU,1
MT,SANTA CARMEM,1
MT,SANTA CRUZ DO XINGU,1
MT,SANTA TEREZINHA,1
MT,SANTO ANTONIO DO LEVERGER,1
MT,SAO FELIX DO ARAGUAIA,1
MT,SAO JOSE DO POVO,1
MT,SAO JOSE DO RIO CLARO,1
MT,SAO JOSE DO XINGU,1
MT,SAO JOSE DOS QUATRO MARCOS,1
MT,SAO PEDRO DA CIPA,1
MT,SAPEZAL,1
MT,SERRA NOVA DOURADA,1
MT,SINOP,7
MT,SORRISO,5
MT,TABAPORA,1
MT,TANGARA DA SERRA,5
MT,TAPURAH,1
MT,TERRA NOVA DO NORTE,1
MT,TESOURO,1
MT,TORIXOREU,1
MT,UNIAO DO SUL,1
MT,VARZEA GRANDE,14
MT,VERA,1
MT,VILA BELA DA SANTISSIMA TRINDADE,1
MT,VILA RICA,1
PA,ABAETETUBA,2
PA,ABEL FIGUEIREDO,1
PA,AGUA AZUL DO NORTE,1
PA,ALMEIRIM,1
PA,ALTAMIRA,3
PA,ANANINDEUA,11
PA,ANAPU,1
PA,AURORA DO PARA,1
PA,AVEIRO,1
PA,BAGRE,1
PA,BAIAO,1
PA,BANNACH,1
PA,BELEM,69
PA,BELTERRA,1
PA,BENEVIDES,2
PA,BOM JESUS DO TOCANTINS,1
PA,BRAGANCA,2
PA,BREJO GRANDE DO ARAGUAIA,1
PA,BREU BRANCO,1
PA,BREVES,2
PA,BUJARU,1
PA,CACHOEIRA DO ARARI,1
PA,CAMETA,1
PA,CANAA DOS CARAJAS,2
PA,CAPANEMA,2
PA,CAPITAO POCO,1
PA,CASTANHAL,4
PA,COLARES,1
PA,CONCEICAO DO ARAGUAIA,1
PA,CUMARU DO NORTE,1
PA,CURIONOPOLIS,1
PA,CURUCA,1
PA,DOM ELISEU,1
PA,ELDORADO DOS CARAJAS,1
PA,FARO,1
PA,FLORESTA DO ARAGUAIA,1
PA,IGARAPE-ACU,1
PA,INHANGAPI,1
PA,IPIXUNA DO PARA,1
PA,ITAITUBA,4
PA,ITUPIRANGA,1
PA,JACAREACANGA,1
PA,JACUNDA,1
PA,JURUTI,1
PA,MAE DO RIO,1
PA,MAGALHAES BARATA,1
PA,MARABA,7
PA,MARACANA,1
PA,MARAPANIM,1
PA,MARITUBA,2
PA,MEDICILANDIA,1
PA,MOCAJUBA,1
PA,MOJUI DOS CAMPOS,1
PA,MONTE ALEGRE,2
PA,NOVA IPIXUNA,1
PA,NOVO PROGRESSO,2
PA,NOVO REPARTIMENTO,1
PA,OBIDOS,1
PA,OEIRAS DO PARA,1
PA,ORIXIMINA,2
PA,OURILANDIA DO NORTE,1
PA,PACAJA,1
PA,PARAGOMINAS,4
PA,PARAUAPEBAS,7
PA,PAU D ARCO,1
PA,PICARRA,1
PA,PLACAS,1
PA,PONTA DE PEDRAS,1
PA,PRAINHA,1
PA,PRIMAVERA,1
PA,QUATIPURU,1
PA,REDENCAO,4
PA,RIO MARIA,1
PA,RONDON DO PARA,1
PA,RUROPOLIS,1
PA,SALINOPOLIS,2
PA,SANTA BARBARA DO PARA,1
PA,SANTA CRUZ DO ARARI,1
PA,SANTA LUZIA DO PARA,1
PA,SANTA MARIA DAS BARREIRAS,1
PA,SANTANA DO ARAGUAIA,1
PA,SANTAREM,7
PA,SANTAREM NOVO,1
PA,SANTO ANTONIO DO TAUA,1
PA,SAO CAETANO DE ODIVELAS,1
PA,SAO FELIX DO XINGU,1
PA,SAO GERALDO DO ARAGUAIA,2
PA,SAO JOAO DE PIRABAS,1
PA,SAO JOAO DO ARAGUAIA,1
PA,SAO MIGUEL DO GUAMA,3
PA,SAO SEBASTIAO DA BOA VISTA,1
PA,SAPUCAIA,1
PA,SENADOR JOSE PORFIRIO,1
PA,TAILANDIA,1
PA,TERRA ALTA,1
PA,TERRA SANTA,1
PA,TOME-ACU,3
PA,TRACUATEUA,1
PA,TRAIRAO,1
PA,TUCUMA,1
PA,TUCURUI,3
PA,ULIANOPOLIS,1
PA,URUARA,2
PA,VIGIA,1
PA,VITORIA DO XINGU,1
PA,XINGUARA,2
PB,AGUA BRANCA,1
PB,AGUIAR,1
PB,ALAGOA GRANDE,1
PB,ALAGOA NOVA,1
PB,ALAGOINHA,1
PB,ALCANTIL,1
PB,ALGODAO DE JANDAIRA,1
PB,ALHANDRA,1
PB,AMPARO,1
PB,APARECIDA,1
PB,ARACAGI,1
PB,ARARA,1
PB,ARARUNA,1
PB,AREIA,1
PB,AREIA DE BARAUNAS,1
PB,AREIAL,1
PB,AROEIRAS,1
PB,ASSUNCAO,1
PB,BAIA DA TRAICAO,1
PB,BANANEIRAS,1
PB,BARAUNA,1
PB,BARRA DE SANTA ROSA,1
PB,BARRA DE SANTANA,1
PB,BARRA DE SAO MIGUEL,1
PB,BAYEUX,4
PB,BELEM,1
PB,BELEM DO BREJO DO CRUZ,1
PB,BERNARDINO BATISTA,1
PB,BOA VENTURA,1
PB,BOA VISTA,1
PB,BOM SUCESSO,1
PB,BONITO DE SANTA FE,1
PB,BOQUEIRAO,1
PB,BORBOREMA,1
PB,BREJO DO CRUZ,1
PB,BREJO DOS SANTOS,1
PB,CABACEIRAS,1
PB,CABEDELO,4
PB,CACIMBA DE AREIA,1
PB,CACIMBA DE DENTRO,1
PB,CACIMBAS,1
PB,CAICARA,1
PB,CAJAZEIRAS,3
PB,CAJAZEIRINHAS,1
PB,CALDAS BRANDAO,1
PB,CAMALAU,1
PB,CAMPINA GRANDE,24
PB,CAMPO DE SANTANA,1
PB,CARAUBAS,1
PB,CARRAPATEIRA,1
PB,CASSERENGUE,1
PB,CATINGUEIRA,1
PB,CATOLE DO ROCHA,1
PB,CONCEICAO,1
PB,CONDADO,1
PB,CONDE,1
PB,CONGO,1
PB,COREMAS,1
PB,COXIXOLA,1
PB,CRUZ DO ESPIRITO SANTO,1
PB,CUBATI,1
PB,CUITE,1
PB,CUITE DE MAMANGUAPE,1
PB,CURRAL DE CIMA,1
PB,CURRAL VELHO,1
PB,DAMIAO,1
PB,DESTERRO,1
PB,DIAMANTE,1
PB,DONA INES,1
PB,EMAS,1
PB,ESPERANCA,1
PB,FAGUNDES,1
PB,FREI MARTINHO,1
PB,GADO BRAVO,1
PB,GUARABIRA,1
PB,GURINHEM,1
PB,GURJAO,1
PB,IBIARA,1
PB,IGARACY,1
PB,IMACULADA,1
PB,INGA,1
PB,ITABAIANA,1
PB,ITAPORANGA,1
PB,ITAPOROROCA,1
PB,ITATUBA,1
PB,JACARAU,1
PB,JERICO,1
PB,JOAO PESSOA,45
PB,JUAREZ TAVORA,1
PB,JUAZEIRINHO,1
PB,JUNCO DO SERIDO,1
PB,JURIPIRANGA,1
PB,JURU,1
PB,LAGOA,1
PB,LAGOA DE DENTRO,1
PB,LAGOA SECA,1
PB,LASTRO,1
PB,LIVRAMENTO,1
PB,LOGRADOURO,1
PB,LUCENA,1
PB,MAE D AGUA,1
PB,MALTA,1
PB,MAMANGUAPE,1
PB,MANAIRA,1
PB,MARCACAO,1
PB,MARIZOPOLIS,1
PB,MASSARANDUBA,1
PB,MATARACA,1
PB,MATINHAS,1
PB,MATO GROSSO,1
PB,MATUREIA,1
PB,MOGEIRO,1
PB,MONTADAS,1
PB,MONTEIRO,1
PB,MULUNGU,1
PB,NATUBA,1
PB,NAZAREZINHO,1
PB,NOVA FLORESTA,1
PB,NOVA OLINDA,1
PB,NOVA PALMEIRA,1
PB,OLHO D AGUA,1
PB,OLIVEDOS,1
PB,OURO VELHO,1
PB,PARARI,1
PB,PASSAGEM,1
PB,PATOS,6
PB,PAULISTA,1
PB,PEDRA BRANCA,1
PB,PEDRA LAVRADA,1
PB,PEDRO REGIS,1
PB,PIANCO,1
PB,PICUI,1
PB,PILAR,1
PB,PILOES,1
PB,PIRPIRITUBA,1
PB,POCINHOS,1
PB,POCO DE JOSE DE MOURA,1
PB,POMBAL,1
PB,PRATA,1
PB,PRINCESA ISABEL,1
PB,PUXINANA,1
PB,QUEIMADAS,1
PB,QUIXABA,1
PB,RIACHAO,1
PB,RIACHAO DO BACAMARTE,1
PB,RIACHAO DO POCO,1
PB,RIACHO DE SANTO ANTONIO,1
PB,RIACHO DOS CAVALOS,1
PB,RIO TINTO,1
PB,SALGADINHO,1
PB,SALGADO DE SAO FELIX,1
PB,SANTA CRUZ,1
PB,SANTA HELENA,1
PB,SANTA INES,1
PB,SANTA LUZIA,1
PB,SANTA RITA,4
PB,SANTA TERESINHA,1
PB,SANTANA DE MANGUEIRA,1
PB,SANTANA DOS GARROTES,1
PB,SANTAREM,1
PB,SAO BENTINHO,1
PB,SAO BENTO,1
PB,SAO DOMINGOS DO CARIRI,1
PB,SAO FRANCISCO,1
PB,SAO JOAO DO CARIRI,1
PB,SAO JOAO DO RIO DO PEIXE,1
PB,SAO JOSE DA LAGOA TAPADA,1
PB,SAO JOSE DE CAIANA,1
PB,SAO JOSE DE ESPINHARAS,1
PB,SAO JOSE DE PIRANHAS,1
PB,SAO JOSE DO BONFIM,1
PB,SAO JOSE DO BREJO DO CRUZ,1
PB,SAO JOSE DO SABUGI,1
PB,SAO JOSE DOS CORDEIROS,1
PB,SAO JOSE DOS RAMOS,1
PB,SAO MIGUEL DE TAIPU,1
PB,SAO SEBASTIAO DO UMBUZEIRO,1
PB,SAPE,1
PB,SERIDO,1
PB,SERRA BRANCA,1
PB,SERRA DA RAIZ,1
PB,SERRA GRANDE,1
PB,SERRA REDONDA,1
PB,SERRARIA,1
PB,SERTAOZINHO,1
PB,SOBRADO,1
PB,SOLANEA,2
PB,SOLEDADE,1
PB,SOSSEGO,1
PB,SOUSA,3
PB,TAPEROA,1
PB,TAVARES,1
PB,TEIXEIRA,1
PB,TENORIO,1
PB,TRIUNFO,1
PB,UIRAUNA,1
PB,UMBUZEIRO,1
PB,VARZEA,1
PB,VIEIROPOLIS,1
PB,VISTA SERRANA,1
PB,ZABELE,1
PE,ABREU E LIMA,4
PE,AFRANIO,1
PE,AGRESTINA,1
PE,AGUA PRETA,2
PE,AGUAS BELAS,2
PE,ALAGOINHA,1
PE,ALIANCA,2
PE,ALTINHO,1
PE,ANGELIM,1
PE,ARACOIABA,1
PE,ARARIPINA,3
PE,ARCOVERDE,3
PE,BARRA DE GUABIRABA,1
PE,BARREIROS,2
PE,BELEM DE MARIA,1
PE,BELEM DE SAO FRANCISCO,1
PE,BELO JARDIM,4
PE,BETANIA,1
PE,BEZERROS,1
PE,BODOCO,2
PE,BOM CONSELHO,2
PE,BOM JARDIM,2
PE,BONITO,2
PE,BREJAO,1
PE,BREJINHO,1
PE,BREJO DA MADRE DE DEUS,2
PE,BUENOS AIRES,1
PE,BUIQUE,1
PE,CABO DE SANTO AGOSTINHO,7
PE,CABROBO,1
PE,CAETES,1
PE,CALCADO,1
PE,CALUMBI,1
PE,CAMARAGIBE,4
PE,CAMOCIM DE SAO FELIX,1
PE,CAMUTANGA,1
PE,CAPOEIRAS,1
PE,CARNAIBA,1
PE,CARPINA,1
PE,CARUARU,8
PE,CATENDE,1
PE,CEDRO,1
PE,CHA DE ALEGRIA,1
PE,CHA GRANDE,1
PE,CONDADO,1
PE,CORRENTES,1
PE,CORTES,1
PE,CUMARU,1
PE,CUPIRA,1
PE,CUSTODIA,2
PE,DORMENTES,1
PE,ESCADA,2
PE,EXU,1
PE,FEIRA NOVA,1
PE,FERREIROS,1
PE,FLORESTA,1
PE,FREI MIGUELINHO,1
PE,GAMELEIRA,1
PE,GARANHUNS,5
PE,GLORIA DO GOITA,1
PE,GOIANA,2
PE,GRANITO,1
PE,GRAVATA,4
PE,IATI,1
PE,IBIMIRIM,1
PE,IBIRAJUBA,1
PE,IGARASSU,2
PE,IGUARACI,1
PE,ILHA DE ITAMARACA,1
PE,INAJA,1
PE,INGAZEIRA,1
PE,IPOJUCA,3
PE,ITACURUBA,1
PE,ITAIBA,1
PE,ITAPETIM,1
PE,ITAQUITINGA,1
PE,JABOATAO DOS GUARARAPES,22
PE,JAQUEIRA,1
PE,JATAUBA,1
PE,JATOBA,1
PE,JOAO ALFREDO,1
PE,JOAQUIM NABUCO,1
PE,JUCATI,1
PE,JUPI,1
PE,JUREMA,1
PE,LAGOA DO CARRO,1
PE,LAGOA DO ITAENGA,1
PE,LAGOA DO OURO,1
PE,LAJEDO,2
PE,LIMOEIRO,3
PE,MACAPARANA,1
PE,MACHADOS,1
PE,MANARI,1
PE,MARAIAL,1
PE,MOREILANDIA,1
PE,MORENO,1
PE,NAZARE DA MATA,1
PE,OLINDA,12
PE,OROBO,1
PE,OROCO,1
PE,OURICURI,1
PE,PALMARES,2
PE,PALMEIRINA,1
PE,PANELAS,1
PE,PARANATAMA,1
PE,PARNAMIRIM,1
PE,PASSIRA,1
PE,PAUDALHO,2
PE,PAULISTA,12
PE,PEDRA,1
PE,PESQUEIRA,1
PE,PETROLANDIA,1
PE,PETROLINA,12
PE,POCAO,1
PE,POMBOS,1
PE,PRIMAVERA,1
PE,QUIPAPA,1
PE,QUIXABA,1
PE,RECIFE,71
PE,RIACHO DAS ALMAS,1
PE,RIBEIRAO,1
PE,RIO FORMOSO,1
PE,SAIRE,1
PE,SALGADINHO,1
PE,SALGUEIRO,3
PE,SALOA,1
PE,SANHARO,1
PE,SANTA CRUZ,1
PE,SANTA CRUZ DA BAIXA VERDE,1
PE,SANTA CRUZ DO CAPIBARIBE,3
PE,SANTA FILOMENA,1
PE,SANTA MARIA DO CAMBUCA,1
PE,SAO BENEDITO DO SUL,1
PE,SAO BENTO DO UNA,2
PE,SAO CAITANO,2
PE,SAO JOAO,1
PE,SAO JOAQUIM DO MONTE,1
PE,SAO JOSE DA COROA GRANDE,1
PE,SAO JOSE DO BELMONTE,2
PE,SAO LOURENCO DA MATA,3
PE,SAO VICENTE FERRER,1
PE,SERRA TALHADA,1
PE,SERRITA,1
PE,SERTANIA,2
PE,SIRINHAEM,2
PE,SOLIDAO,1
PE,SURUBIM,2
PE,TACAIMBO,1
PE,TACARATU,1
PE,TAMANDARE,1
PE,TAQUARITINGA DO NORTE,1
PE,TEREZINHA,1
PE,TERRA NOVA,1
PE,TIMBAUBA,1
PE,TORITAMA,2
PE,TRACUNHAEM,1
PE,TRINDADE,1
PE,TRIUNFO,1
PE,TUPANATINGA,1
PE,TUPARETAMA,1
PE,VENTUROSA,1
PE,VERDEJANTE,1
PE,VERTENTE DO LERIO,1
PE,VERTENTES,1
PE,VICENCIA,1
PE,VITORIA DE SANTO ANTAO,4
PI,ACAUA,1
PI,AGRICOLANDIA,1
PI,ALAGOINHA DO PIAUI,1
PI,ALEGRETE DO PIAUI,1
PI,ALTO LONGA,1
PI,ALTOS,1
PI,ALVORADA DO GURGUEIA,1
PI,AMARANTE,1
PI,ANGICAL DO PIAUI,1
PI,ANISIO DE ABREU,1
PI,ANTONIO ALMEIDA,1
PI,AROAZES,1
PI,AROEIRAS DO ITAIM,1
PI,ARRAIAL,1
PI,ASSUNCAO DO PIAUI,1
PI,AVELINO LOPES,1
PI,BAIXA GRANDE DO RIBEIRO,1
PI,BARRA D ALCANTARA,1
PI,BARRAS,2
PI,BARREIRAS DO PIAUI,1
PI,BARRO DURO,1
PI,BELA VISTA DO PIAUI,1
PI,BELEM DO PIAUI,1
PI,BENEDITINOS,1
PI,BERTOLINIA,1
PI,BETANIA DO PIAUI,1
PI,BOA HORA,1
PI,BOCAINA,1
PI,BOM JESUS,1
PI,BOM PRINCIPIO DO PIAUI,1
PI,BONFIM DO PIAUI,1
PI,BOQUEIRAO DO PIAUI,1
PI,BRASILEIRA,1
PI,BREJO DO PIAUI,1
PI,BURITI DOS MONTES,1
PI,CABECEIRAS DO PIAUI,1
PI,CAJAZEIRAS DO PIAUI,1
PI,CAJUEIRO DA PRAIA,1
PI,CALDEIRAO GRANDE DO PIAUI,1
PI,CAMPINAS DO PIAUI,1
PI,CAMPO ALEGRE DO FIDALGO,1
PI,CAMPO GRANDE DO PIAUI,1
PI,CAMPO LARGO DO PIAUI,1
PI,CAMPO MAIOR,2
PI,CANAVIEIRA,1
PI,CANTO DO BURITI,1
PI,CAPITAO DE CAMPOS,1
PI,CAPITAO GERVASIO OLIVEIRA,1
PI,CARACOL,1
PI,CARAUBAS DO PIAUI,1
PI,CARIDADE DO PIAUI,1
PI,CASTELO DO PIAUI,1
PI,CAXINGO,1
PI,COCAL,1
PI,COCAL DE TELHA,1
PI,COCAL DOS ALVES,1
PI,COIVARAS,1
PI,COLONIA DO GURGUEIA,1
PI,COLONIA DO PIAUI,1
PI,CONCEICAO DO CANINDE,1
PI,CORONEL JOSE DIAS,1
PI,CORRENTE,1
PI,CRISTALANDIA DO PIAUI,1
PI,CRISTINO CASTRO,1
PI,CURIMATA,1
PI,CURRAL NOVO DO PIAUI,1
PI,CURRALINHOS,1
PI,DEMERVAL LOBAO,1
PI,DIRCEU ARCOVERDE,1
PI,DOM EXPEDITO LOPES,1
PI,ELESBAO VELOSO,1
PI,ELISEU MARTINS,1
PI,ESPERANTINA,2
PI,FARTURA DO PIAUI,1
PI,FLORES DO PIAUI,1
PI,FLORESTA DO PIAUI,1
PI,FLORIANO,4
PI,FRANCINOPOLIS,1
PI,FRANCISCO AYRES,1
PI,FRANCISCO MACEDO,1
PI,FRANCISCO SANTOS,1
PI,FRONTEIRAS,1
PI,GEMINIANO,1
PI,GILBUES,1
PI,GUADALUPE,1
PI,GUARIBAS,1
PI,HUGO NAPOLEAO,1
PI,ILHA GRANDE,1
PI,INHUMA,1
PI,IPIRANGA DO PIAUI,1
PI,ISAIAS COELHO,1
PI,ITAINOPOLIS,1
PI,ITAUEIRA,1
PI,JACOBINA DO PIAUI,1
PI,JARDIM DO MULATO,1
PI,JATOBA DO PIAUI,1
PI,JERUMENHA,1
PI,JOAO COSTA,1
PI,JOAQUIM PIRES,1
PI,JOCA MARQUES,1
PI,JOSE DE FREITAS,1
PI,JUAZEIRO DO PIAUI,1
PI,JULIO BORGES,1
PI,JUREMA,1
PI,LAGOA ALEGRE,1
PI,LAGOA DE SAO FRANCISCO,1
PI,LAGOA DO BARRO DO PIAUI,1
PI,LAGOA DO PIAUI,1
PI,LAGOA DO SITIO,1
PI,LAGOINHA DO PIAUI,1
PI,LANDRI SALES,1
PI,MADEIRO,1
PI,MANOEL EMIDIO,1
PI,MARCOLANDIA,1
PI,MASSAPE DO PIAUI,1
PI,MATIAS OLIMPIO,1
PI,MIGUEL ALVES,1
PI,MIGUEL LEAO,1
PI,MONSENHOR GIL,1
PI,MONSENHOR HIPOLITO,1
PI,MORRO CABECA NO TEMPO,1
PI,MORRO DO CHAPEU DO PIAUI,1
PI,NAZARE DO PIAUI,1
PI,NAZARIA,1
PI,NOSSA SENHORA DE NAZARE,1
PI,NOSSA SENHORA DOS REMEDIOS,1
PI,NOVA SANTA RITA,1
PI,NOVO ORIENTE DO PIAUI,1
PI,NOVO SANTO ANTONIO,1
PI,OEIRAS,2
PI,OLHO D AGUA DO PIAUI,1
PI,PADRE MARCOS,1
PI,PAES LANDIM,1
PI,PAJEU DO PIAUI,1
PI,PALMEIRAIS,1
PI,PAQUETA,1
PI,PARNAGUA,1
PI,PARNAIBA,5
PI,PASSAGEM FRANCA DO PIAUI,1
PI,PATOS DO PIAUI,1
PI,PAU D ARCO DO PIAUI,1
PI,PAULISTANA,1
PI,PAVUSSU,1
PI,PEDRO II,2
PI,PEDRO LAURENTINO,1
PI,PICOS,4
PI,PIMENTEIRAS,1
PI,PIRACURUCA,1
PI,PIRIPIRI,3
PI,PORTO,1
PI,PORTO ALEGRE DO PIAUI,1
PI,PRATA DO PIAUI,1
PI,QUEIMADA NOVA,1
PI,REDENCAO DO GURGUEIA,1
PI,REGENERACAO,1
PI,RIACHO FRIO,1
PI,RIBEIRA DO PIAUI,1
PI,RIBEIRO GONCALVES,1
PI,RIO GRANDE DO PIAUI,1
PI,SANTA CRUZ DO PIAUI,1
PI,SANTA CRUZ DOS MILAGRES,1
PI,SANTA FILOMENA,1
PI,SANTA ROSA DO PIAUI,1
PI,SANTANA DO PIAUI,1
PI,SANTO ANTONIO DE LISBOA,1
PI,SANTO ANTONIO DOS MILAGRES,1
PI,SANTO INACIO DO PIAUI,1
PI,SAO BRAZ DO PIAUI,1
PI,SAO FELIX DO PIAUI,1
PI,SAO FRANCISCO DE ASSIS DO PIAUI,1
PI,SAO FRANCISCO DO PIAUI,1
PI,SAO GONCALO DO GURGUEIA,1
PI,SAO GONCALO DO PIAUI,1
PI,SAO JOAO DA CANABRAVA,1
PI,SAO JOAO DA FRONTEIRA,1
PI,SAO JOAO DA SERRA,1
PI,SAO JOAO DA VARJOTA,1
PI,SAO JOAO DO PIAUI,1
PI,SAO JOSE DO DIVINO,1
PI,SAO JOSE DO PEIXE,1
PI,SAO JOSE DO PIAUI,1
PI,SAO JULIAO,1
PI,SAO LOURENCO DO PIAUI,1
PI,SAO LUIS DO PIAUI,1
PI,SAO MIGUEL DA BAIXA GRANDE,1
PI,SAO MIGUEL DO FIDALGO,1
PI,SAO PEDRO DO PIAUI,1
PI,SAO RAIMUNDO NONATO,1
PI,SEBASTIAO BARROS,1
PI,SEBASTIAO LEAL,1
PI,SIGEFREDO PACHECO,1
PI,SIMOES,1
PI,SIMPLICIO MENDES,1
PI,SUSSUAPARA,1
PI,TAMBORIL DO PIAUI,1
PI,TANQUE DO PIAUI,1
PI,TERESINA,53
PI,UNIAO,2
PI,VALENCA DO PIAUI,1
PI,VARZEA BRANCA,1
PI,VARZEA GRANDE,1
PI,VERA MENDES,1
PI,VILA NOVA DO PIAUI,1
PI,WALL FERRAZ,1
PR,ABATIA,1
PR,ADRIANOPOLIS,1
PR,AGUDOS DO SUL,1
PR,ALMIRANTE TAMANDARE,3
PR,ALTAMIRA DO PARANA,1
PR,ALTO PARAISO,1
PR,ALTO PARANA,1
PR,ALTO PIQUIRI,1
PR,ALTONIA,1
PR,ALVORADA DO SUL,1
PR,AMAPORA,1
PR,ANAHY,1
PR,ANDIRA,1
PR,ANGULO,1
PR,ANTONINA,1
PR,ANTONIO OLINTO,1
PR,APUCARANA,9
PR,ARAPONGAS,7
PR,ARAPOTI,1
PR,ARAPUA,1
PR,ARARUNA,1
PR,ARAUCARIA,8
PR,ARIRANHA DO IVAI,1
PR,ASSAI,1
PR,ASSIS CHATEAUBRIAND,1
PR,ASTORGA,2
PR,ATALAIA,1
PR,BALSA NOVA,1
PR,BANDEIRANTES,2
PR,BARBOSA FERRAZ,1
PR,BARRA DO JACARE,1
PR,BARRACAO,1
PR,BELA VISTA DA CAROBA,1
PR,BELA VISTA DO PARAISO,1
PR,BITURUNA,1
PR,BOA ESPERANCA,1
PR,BOA ESPERANCA DO IGUACU,1
PR,BOA VENTURA DE SAO ROQUE,1
PR,BOA VISTA DA APARECIDA,1
PR,BOCAIUVA DO SUL,1
PR,BOM JESUS DO SUL,1
PR,BOM SUCESSO,1
PR,BOM SUCESSO DO SUL,1
PR,BORRAZOPOLIS,1
PR,BRAGANEY,1
PR,BRASILANDIA DO SUL,1
PR,CAFEARA,1
PR,CAFELANDIA,1
PR,CAFEZAL DO SUL,1
PR,CALIFORNIA,1
PR,CAMBARA,1
PR,CAMBE,6
PR,CAMBIRA,1
PR,CAMPINA DA LAGOA,1
PR,CAMPINA DO SIMAO,1
PR,CAMPINA GRANDE DO SUL,1
PR,CAMPO BONITO,1
PR,CAMPO DO TENENTE,1
PR,CAMPO LARGO,5
PR,CAMPO MAGRO,1
PR,CAMPO MOURAO,6
PR,CANDIDO DE ABREU,1
PR,CANDOI,1
PR,CANTAGALO,1
PR,CAPANEMA,1
PR,CAPITAO LEONIDAS MARQUES,1
PR,CARAMBEI,1
PR,CARLOPOLIS,1
PR,CASCAVEL,19
PR,CASTRO,3
PR,CATANDUVAS,1
PR,CENTENARIO DO SUL,1
PR,CERRO AZUL,1
PR,CEU AZUL,1
PR,CHOPINZINHO,1
PR,CIANORTE,5
PR,CIDADE GAUCHA,1
PR,COLOMBO,10
PR,COLORADO,2
PR,CONGONHINHAS,1
PR,CONTENDA,1
PR,CORBELIA,1
PR,CORNELIO PROCOPIO,4
PR,CORONEL DOMINGOS SOARES,1
PR,CORONEL VIVIDA,1
PR,CORUMBATAI DO SUL,1
PR,CRUZ MACHADO,1
PR,CRUZEIRO DO IGUACU,1
PR,CRUZEIRO DO OESTE,1
PR,CRUZEIRO DO SUL,1
PR,CRUZMALTINA,1
PR,CURITIBA,143
PR,CURIUVA,1
PR,DIAMANTE D OESTE,1
PR,DIAMANTE DO NORTE,1
PR,DIAMANTE DO SUL,1
PR,DOIS VIZINHOS,2
PR,DOURADINA,1
PR,DOUTOR CAMARGO,1
PR,ENEAS MARQUES,1
PR,ENGENHEIRO BELTRAO,1
PR,ENTRE RIOS DO OESTE,1
PR,ESPERANCA NOVA,1
PR,ESPIGAO ALTO DO IGUACU,1
PR,FAROL,1
PR,FAXINAL,1
PR,FAZENDA RIO GRANDE,3
PR,FENIX,1
PR,FERNANDES PINHEIRO,1
PR,FIGUEIRA,1
PR,FLOR DA SERRA DO SUL,1
PR,FLORAI,1
PR,FLORESTA,1
PR,FLORESTOPOLIS,1
PR,FLORIDA,1
PR,FORMOSA DO OESTE,1
PR,FOZ DO IGUACU,16
PR,FOZ DO JORDAO,1
PR,FRANCISCO ALVES,1
PR,FRANCISCO BELTRAO,5
PR,GENERAL CARNEIRO,1
PR,GODOY MOREIRA,1
PR,GOIOERE,2
PR,GRANDES RIOS,1
PR,GUAIRA,2
PR,GUAIRACA,1
PR,GUAMIRANGA,1
PR,GUAPIRAMA,1
PR,GUAPOREMA,1
PR,GUARACI,1
PR,GUARANIACU,1
PR,GUARAPUAVA,10
PR,GUARAQUECABA,1
PR,GUARATUBA,2
PR,HONORIO SERPA,1
PR,IBAITI,2
PR,IBEMA,1
PR,IBIPORA,3
PR,ICARAIMA,1
PR,IGUARACU,1
PR,IGUATU,1
PR,IMBAU,1
PR,IMBITUVA,1
PR,INACIO MARTINS,1
PR,INAJA,1
PR,INDIANOPOLIS,1
PR,IPIRANGA,1
PR,IPORA,1
PR,IRACEMA DO OESTE,1
PR,IRATI,3
PR,IRETAMA,1
PR,ITAGUAJE,1
PR,ITAIPULANDIA,1
PR,ITAMBARACA,1
PR,ITAMBE,1
PR,ITAPEJARA D OESTE,1
PR,ITAPERUCU,1
PR,ITAUNA DO SUL,1
PR,IVAI,1
PR,IVAIPORA,2
PR,IVATE,1
PR,IVATUBA,1
PR,JACAREZINHO,4
PR,JAGUAPITA,1
PR,JAGUARIAIVA,1
PR,JANDAIA DO SUL,2
PR,JANIOPOLIS,1
PR,JAPIRA,1
PR,JAPURA,1
PR,JARDIM ALEGRE,1
PR,JATAIZINHO,1
PR,JESUITAS,1
PR,JOAQUIM TAVORA,1
PR,JUNDIAI DO SUL,1
PR,JURANDA,1
PR,JUSSARA,1
PR,KALORE,1
PR,LAPA,2
PR,LARANJAL,1
PR,LARANJEIRAS DO SUL,1
PR,LEOPOLIS,1
PR,LIDIANOPOLIS,1
PR,LINDOESTE,1
PR,LOANDA,1
PR,LOBATO,1
PR,LONDRINA,33
PR,LUIZIANA,1
PR,LUNARDELLI,1
PR,LUPIONOPOLIS,1
PR,MAMBORE,1
PR,MANDAGUACU,1
PR,MANDAGUARI,2
PR,MANDIRITUBA,1
PR,MANFRINOPOLIS,1
PR,MANGUEIRINHA,1
PR,MANOEL RIBAS,1
PR,MARECHAL CANDIDO RONDON,3
PR,MARIA HELENA,1
PR,MARIALVA,2
PR,MARILANDIA DO SUL,1
PR,MARILENA,1
PR,MARILUZ,1
PR,MARINGA,27
PR,MARIOPOLIS,1
PR,MARIPA,1
PR,MARMELEIRO,1
PR,MARQUINHO,1
PR,MARUMBI,1
PR,MATELANDIA,1
PR,MATINHOS,2
PR,MATO RICO,1
PR,MAUA DA SERRA,1
PR,MEDIANEIRA,3
PR,MIRADOR,1
PR,MIRASELVA,1
PR,MISSAL,1
PR,MOREIRA SALES,1
PR,MORRETES,1
PR,MUNHOZ DE MELO,1
PR,NOSSA SENHORA DAS GRACAS,1
PR,NOVA ALIANCA DO IVAI,1
PR,NOVA AMERICA DA COLINA,1
PR,NOVA AURORA,1
PR,NOVA CANTU,1
PR,NOVA ESPERANCA,2
PR,NOVA ESPERANCA DO SUDOESTE,1
PR,NOVA FATIMA,1
PR,NOVA LARANJEIRAS,1
PR,NOVA LONDRINA,1
PR,NOVA OLIMPIA,1
PR,NOVA SANTA BARBARA,1
PR,NOVA SANTA ROSA,1
PR,NOVA TEBAS,1
PR,NOVO ITACOLOMI,1
PR,ORTIGUEIRA,1
PR,OURIZONA,1
PR,OURO VERDE DO OESTE,1
PR,PAICANDU,2
PR,PALMAS,2
PR,PALMEIRA,2
PR,PALMITAL,1
PR,PALOTINA,2
PR,PARAISO DO NORTE,1
PR,PARANACITY,1
PR,PARANAGUA,8
PR,PARANAPOEMA,1
PR,PARANAVAI,6
PR,PATO BRAGADO,1
PR,PATO BRANCO,5
PR,PAULA FREITAS,1
PR,PAULO FRONTIN,1
PR,PEABIRU,1
PR,PEROBAL,1
PR,PEROLA,1
PR,PEROLA D OESTE,1
PR,PIEN,1
PR,PINHAIS,7
PR,PINHALAO,1
PR,PINHAO,2
PR,PIRAI DO SUL,1
PR,PIRAQUARA,3
PR,PITANGA,1
PR,PITANGUEIRAS,1
PR,PLANALTINA DO PARANA,1
PR,PLANALTO,1
PR,PONTA GROSSA,14
PR,PONTAL DO PARANA,1
PR,PORECATU,2
PR,PORTO AMAZONAS,1
PR,PORTO BARREIRO,1
PR,PORTO RICO,1
PR,PORTO VITORIA,1
PR,PRADO FERREIRA,1
PR,PRANCHITA,1
PR,PRESIDENTE CASTELO BRANCO,1
PR,PRIMEIRO DE MAIO,1
PR,PRUDENTOPOLIS,2
PR,QUARTO CENTENARIO,1
PR,QUATIGUA,1
PR,QUATRO BARRAS,1
PR,QUATRO PONTES,1
PR,QUEDAS DO IGUACU,2
PR,QUERENCIA DO NORTE,1
PR,QUINTA DO SOL,1
PR,QUITANDINHA,1
PR,RAMILANDIA,1
PR,RANCHO ALEGRE,1
PR,RANCHO ALEGRE D OESTE,1
PR,REALEZA,1
PR,REBOUCAS,1
PR,RENASCENCA,1
PR,RESERVA,1
PR,RIBEIRAO CLARO,1
PR,RIBEIRAO DO PINHAL,1
PR,RIO AZUL,1
PR,RIO BOM,1
PR,RIO BRANCO DO IVAI,1
PR,RIO BRANCO DO SUL,1
PR,RIO NEGRO,2
PR,ROLANDIA,4
PR,RONCADOR,1
PR,RONDON,1
PR,ROSARIO DO IVAI,1
PR,SABAUDIA,1
PR,SALGADO FILHO,1
PR,SALTO DO ITARARE,1
PR,SALTO DO LONTRA,1
PR,SANTA AMELIA,1
PR,SANTA CECILIA DO PAVAO,1
PR,SANTA FE,1
PR,SANTA HELENA,1
PR,SANTA INES,1
PR,SANTA ISABEL DO IVAI,1
PR,SANTA LUCIA,1
PR,SANTA MARIA DO OESTE,1
PR,SANTA MARIANA,1
PR,SANTA MONICA,1
PR,SANTA TEREZA DO OESTE,1
PR,SANTA TEREZINHA DE ITAIPU,1
PR,SANTANA DO ITARARE,1
PR,SANTO ANTONIO DA PLATINA,3
PR,SANTO ANTONIO DO CAIUA,1
PR,SANTO ANTONIO DO PARAISO,1
PR,SANTO ANTONIO DO SUDOESTE,1
PR,SANTO INACIO,1
PR,SAO CARLOS DO IVAI,1
PR,SAO JOAO,1
PR,SAO JOAO DO CAIUA,1
PR,SAO JOAO DO IVAI,1
PR,SAO JOAO DO TRIUNFO,1
PR,SAO JORGE D OESTE,1
PR,SAO JORGE DO IVAI,1
PR,SAO JORGE DO PATROCINIO,1
PR,SAO JOSE DA BOA VISTA,1
PR,SAO JOSE DAS PALMEIRAS,1
PR,SAO JOSE DOS PINHAIS,15
PR,SAO MANOEL DO PARANA,1
PR,SAO MATEUS DO SUL,2
PR,SAO MIGUEL DO IGUACU,1
PR,SAO PEDRO DO IGUACU,1
PR,SAO PEDRO DO IVAI,1
PR,SAO PEDRO DO PARANA,1
PR,SAO SEBASTIAO DA AMOREIRA,1
PR,SAO TOME,1
PR,SAPOPEMA,1
PR,SARANDI,6
PR,SAUDADE DO IGUACU,1
PR,SENGES,1
PR,SERRANOPOLIS DO IGUACU,1
PR,SERTANEJA,1
PR,SERTANOPOLIS,1
PR,SIQUEIRA CAMPOS,1
PR,SULINA,1
PR,TAMARANA,1
PR,TAMBOARA,1
PR,TAPEJARA,1
PR,TAPIRA,1
PR,TEIXEIRA SOARES,1
PR,TELEMACO BORBA,5
PR,TERRA BOA,1
PR,TERRA RICA,1
PR,TERRA ROXA,1
PR,TIBAGI,1
PR,TIJUCAS DO SUL,1
PR,TOLEDO,8
PR,TOMAZINA,1
PR,TRES BARRAS DO PARANA,1
PR,TUNAS DO PARANA,1
PR,TUNEIRAS DO OESTE,1
PR,TUPASSI,1
PR,TURVO,1
PR,UBIRATA,1
PR,UMUARAMA,7
PR,UNIAO DA VITORIA,4
PR,UNIFLOR,1
PR,URAI,1
PR,VENTANIA,1
PR,VERA CRUZ DO OESTE,1
PR,VERE,1
PR,VIRMOND,1
PR,WENCESLAU BRAZ,1
PR,XAMBRE,1
RJ,ANGRA DOS REIS,8
RJ,APERIBE,1
RJ,ARARUAMA,4
RJ,AREAL,1
RJ,ARMACAO DOS BUZIOS,2
RJ,ARRAIAL DO CABO,1
RJ,BARRA DO PIRAI,3
RJ,BARRA MANSA,7
RJ,BELFORD ROXO,9
RJ,BOM JARDIM,1
RJ,BOM JESUS DO ITABAPOANA,2
RJ,CABO FRIO,9
RJ,CACHOEIRAS DE MACACU,3
RJ,CAMPOS DOS GOYTACAZES,16
RJ,CANTAGALO,1
RJ,CARAPEBUS,1
RJ,CARDOSO MOREIRA,1
RJ,CASIMIRO DE ABREU,1
RJ,CONCEICAO DE MACABU,1
RJ,CORDEIRO,1
RJ,DUAS BARRAS,1
RJ,DUQUE DE CAXIAS,26
RJ,ENGENHEIRO PAULO DE FRONTIN,1
RJ,GUAPIMIRIM,2
RJ,IGUABA GRANDE,1
RJ,ITABORAI,3
RJ,ITAGUAI,4
RJ,ITALVA,1
RJ,ITAOCARA,1
RJ,ITAPERUNA,4
RJ,ITATIAIA,2
RJ,JAPERI,1
RJ,LAJE DO MURIAE,1
RJ,MACAE,10
RJ,MAGE,7
RJ,MANGARATIBA,2
RJ,MARICA,6
RJ,MENDES,1
RJ,MESQUITA,5
RJ,MIGUEL PEREIRA,2
RJ,NATIVIDADE,1
RJ,NILOPOLIS,6
RJ,NITEROI,30
RJ,NOVA FRIBURGO,11
RJ,NOVA IGUACU,21
RJ,PARACAMBI,2
RJ,PARAIBA DO SUL,2
RJ,PARATI,1
RJ,PATY DO ALFERES,1
RJ,PETROPOLIS,15
RJ,PORCIUNCULA,1
RJ,PORTO REAL,1
RJ,QUATIS,1
RJ,QUEIMADOS,2
RJ,QUISSAMA,1
RJ,RESENDE,7
RJ,RIO BONITO,1
RJ,RIO DAS FLORES,1
RJ,RIO DAS OSTRAS,6
RJ,RIO DE JANEIRO,318
RJ,SANTA MARIA MADALENA,1
RJ,SANTO ANTONIO DE PADUA,2
RJ,SAO FIDELIS,2
RJ,SAO GONCALO,30
RJ,SAO JOAO DA BARRA,2
RJ,SAO JOAO DE MERITI,12
RJ,SAO JOSE DE UBA,1
RJ,SAO JOSE DO VALE DO RIO PRETO,1
RJ,SAO PEDRO DA ALDEIA,4
RJ,SAO SEBASTIAO DO ALTO,1
RJ,SAPUCAIA,1
RJ,SAQUAREMA,2
RJ,SEROPEDICA,4
RJ,SUMIDOURO,1
RJ,TANGUA,1
RJ,TERESOPOLIS,11
RJ,TRAJANO DE MORAIS,1
RJ,TRES RIOS,3
RJ,VALENCA,3
RJ,VASSOURAS,2
RJ,VOLTA REDONDA,18
RN,ACARI,1
RN,ACU,1
RN,AGUA NOVA,1
RN,ALEXANDRIA,1
RN,ALMINO AFONSO,1
RN,ALTO DO RODRIGUES,1
RN,ANGICOS,1
RN,ANTONIO MARTINS,1
RN,APODI,1
RN,AREIA BRANCA,1
RN,ARES,1
RN,AUGUSTO SEVERO,1
RN,BAIA FORMOSA,1
RN,BARAUNA,1
RN,BARCELONA,1
RN,BODO,1
RN,BOM JESUS,1
RN,BREJINHO,1
RN,CAICO,5
RN,CANGUARETAMA,1
RN,CARAUBAS,1
RN,CARNAUBA DOS DANTAS,1
RN,CARNAUBAIS,1
RN,CEARA-MIRIM,1
RN,CERRO CORA,1
RN,CORONEL EZEQUIEL,1
RN,CORONEL JOAO PESSOA,1
RN,CRUZETA,1
RN,CURRAIS NOVOS,2
RN,DOUTOR SEVERIANO,1
RN,ENCANTO,1
RN,EQUADOR,1
RN,ESPIRITO SANTO,1
RN,EXTREMOZ,1
RN,FELIPE GUERRA,1
RN,FERNANDO PEDROZA,1
RN,FLORANIA,1
RN,FRANCISCO DANTAS,1
RN,FRUTUOSO GOMES,1
RN,GALINHOS,1
RN,GOVERNADOR DIX-SEPT ROSADO,1
RN,GROSSOS,1
RN,GUAMARE,1
RN,IELMO MARINHO,1
RN,IPUEIRA,1
RN,ITAJA,1
RN,ITAU,1
RN,JACANA,1
RN,JANDAIRA,1
RN,JANDUIS,1
RN,JANUARIO CICCO,1
RN,JAPI,1
RN,JARDIM DE ANGICOS,1
RN,JARDIM DE PIRANHAS,1
RN,JARDIM DO SERIDO,1
RN,JOAO CAMARA,1
RN,JOAO DIAS,1
RN,JOSE DA PENHA,1
RN,JUCURUTU,1
RN,JUNDIA,1
RN,LAGOA D ANTA,1
RN,LAGOA DE PEDRAS,1
RN,LAGOA NOVA,1
RN,LAGOA SALGADA,1
RN,LAJES,1
RN,LAJES PINTADAS,1
RN,LUCRECIA,1
RN,LUIS GOMES,1
RN,MACAIBA,2
RN,MACAU,1
RN,MAJOR SALES,1
RN,MARCELINO VIEIRA,1
RN,MARTINS,1
RN,MAXARANGUAPE,1
RN,MESSIAS TARGINO,1
RN,MONTANHAS,1
RN,MONTE ALEGRE,1
RN,MONTE DAS GAMELEIRAS,1
RN,MOSSORO,6
RN,NATAL,42
RN,NISIA FLORESTA,1
RN,NOVA CRUZ,1
RN,OLHO-D AGUA DO BORGES,1
RN,OURO BRANCO,1
RN,PARANA,1
RN,PARAU,1
RN,PARAZINHO,1
RN,PARELHAS,1
RN,PARNAMIRIM,8
RN,PASSA E FICA,1
RN,PATU,1
RN,PAU DOS FERROS,1
RN,PEDRA PRETA,1
RN,PEDRO VELHO,1
RN,PILOES,1
RN,POCO BRANCO,1
RN,PORTALEGRE,1
RN,PORTO DO MANGUE,1
RN,PUREZA,1
RN,RAFAEL FERNANDES,1
RN,RAFAEL GODEIRO,1
RN,RIACHO DA CRUZ,1
RN,RIACHO DE SANTANA,1
RN,RIO DO FOGO,1
RN,RODOLFO FERNANDES,1
RN,RUY BARBOSA,1
RN,SANTA CRUZ,1
RN,SANTA MARIA,1
RN,SANTANA DO MATOS,1
RN,SANTO ANTONIO,1
RN,SAO BENTO DO TRAIRI,1
RN,SAO FERNANDO,1
RN,SAO FRANCISCO DO OESTE,1
RN,SAO GONCALO DO AMARANTE,2
RN,SAO JOAO DO SABUGI,1
RN,SAO JOSE DE MIPIBU,1
RN,SAO JOSE DO CAMPESTRE,1
RN,SAO JOSE DO SERIDO,1
RN,SAO MIGUEL,1
RN,SAO MIGUEL DO GOSTOSO,1
RN,SAO PAULO DO POTENGI,1
RN,SAO RAFAEL,1
RN,SAO TOME,1
RN,SAO VICENTE,1
RN,SENADOR ELOI DE SOUZA,1
RN,SERRA DO MEL,1
RN,SERRA NEGRA DO NORTE,1
RN,SERRINHA DOS PINTOS,1
RN,SEVERIANO MELO,1
RN,SITIO NOVO,1
RN,TABOLEIRO GRANDE,1
RN,TANGARA,1
RN,TENENTE ANANIAS,1
RN,TENENTE LAURENTINO CRUZ,1
RN,TIBAU,1
RN,TIBAU DO SUL,1
RN,TIMBAUBA DOS BATISTAS,1
RN,TOUROS,1
RN,TRIUNFO POTIGUAR,1
RN,UMARIZAL,1
RN,UPANEMA,1
RN,VARZEA,1
RN,VENHA-VER,1
RN,VERA CRUZ,1
RN,VICOSA,1
RN,VILA FLOR,1
RO,ALTA FLORESTA D OESTE,1
RO,ALTO ALEGRE DOS PARECIS,1
RO,ALTO PARAISO,1
RO,ALVORADA D OESTE,1
RO,ARIQUEMES,4
RO,BURITIS,2
RO,CABIXI,1
RO,CACAULANDIA,1
RO,CACOAL,4
RO,CAMPO NOVO DE RONDONIA,1
RO,CEREJEIRAS,1
RO,CHUPINGUAIA,1
RO,COLORADO DO OESTE,1
RO,COSTA MARQUES,1
RO,CUJUBIM,1
RO,ESPIGAO D OESTE,1
RO,GOVERNADOR JORGE TEIXEIRA,1
RO,GUAJARA-MIRIM,2
RO,JARU,3
RO,JI-PARANA,5
RO,MACHADINHO D OESTE,2
RO,MINISTRO ANDREAZZA,1
RO,MIRANTE DA SERRA,1
RO,MONTE NEGRO,1
RO,NOVA BRASILANDIA D OESTE,1
RO,NOVA MAMORE,1
RO,NOVA UNIAO,1
RO,NOVO HORIZONTE DO OESTE,1
RO,OURO PRETO DO OESTE,2
RO,PARECIS,1
RO,PIMENTA BUENO,1
RO,PIMENTEIRAS DO OESTE,1
RO,PORTO VELHO,20
RO,PRESIDENTE MEDICI,1
RO,PRIMAVERA DE RONDONIA,1
RO,ROLIM DE MOURA,3
RO,SANTA LUZIA D OESTE,1
RO,SAO FELIPE D OESTE,1
RO,SAO FRANCISCO DO GUAPORE,1
RO,SAO MIGUEL DO GUAPORE,1
RO,SERINGUEIRAS,1
RO,TEIXEIROPOLIS,1
RO,THEOBROMA,1
RO,URUPA,1
RO,VALE DO ANARI,1
RO,VALE DO PARAISO,1
RO,VILHENA,5
RR,ALTO ALEGRE,1
RR,AMAJARI,1
RR,BOA VISTA,13
RR,IRACEMA,1
RR,MUCAJAI,1
RR,NORMANDIA,1
RR,PACARAIMA,1
RR,SAO JOAO DA BALIZA,1
RR,SAO LUIZ,1
RR,UIRAMUTA,1
RS,AJURICABA,1
RS,ALEGRETE,5
RS,ALEGRIA,1
RS,ALTO ALEGRE,1
RS,ALVORADA,4
RS,AMETISTA DO SUL,1
RS,ANDRE DA ROCHA,1
RS,ANTONIO PRADO,1
RS,ARAMBARE,1
RS,ARARICA,1
RS,ARROIO DO MEIO,1
RS,ARROIO DO SAL,1
RS,ARROIO DOS RATOS,1
RS,ARROIO GRANDE,1
RS,AUGUSTO PESTANA,1
RS,AUREA,1
RS,BAGE,4
RS,BALNEARIO PINHAL,1
RS,BARAO,1
RS,BARAO DO TRIUNFO,1
RS,BARRA DO QUARAI,1
RS,BARRA DO RIBEIRO,1
RS,BARRA FUNDA,1
RS,BARRACAO,1
RS,BARROS CASSAL,1
RS,BENTO GONCALVES,8
RS,BOA VISTA DAS MISSOES,1
RS,BOA VISTA DO INCRA,1
RS,BOA VISTA DO SUL,1
RS,BOM PRINCIPIO,1
RS,BOM RETIRO DO SUL,1
RS,BOQUEIRAO DO LEAO,1
RS,BOSSOROCA,1
RS,BOZANO,1
RS,BRAGA,1
RS,BROCHIER,1
RS,BUTIA,1
RS,CACAPAVA DO SUL,2
RS,CACEQUI,1
RS,CACHOEIRA DO SUL,5
RS,CACHOEIRINHA,6
RS,CACIQUE DOBLE,1
RS,CAIBATE,1
RS,CAICARA,1
RS,CAMAQUA,3
RS,CAMBARA DO SUL,1
RS,CAMPESTRE DA SERRA,1
RS,CAMPINA DAS MISSOES,1
RS,CAMPO BOM,2
RS,CAMPOS BORGES,1
RS,CANDELARIA,1
RS,CANDIOTA,1
RS,CANELA,2
RS,CANGUCU,2
RS,CANOAS,14
RS,CAPAO BONITO DO SUL,1
RS,CAPAO DA CANOA,3
RS,CAPELA DE SANTANA,1
RS,CAPIVARI DO SUL,1
RS,CARAZINHO,5
RS,CARLOS BARBOSA,1
RS,CASCA,1
RS,CASEIROS,1
RS,CATUIPE,1
RS,CAXIAS DO SUL,24
RS,CERRITO,1
RS,CERRO BRANCO,1
RS,CERRO GRANDE,1
RS,CERRO GRANDE DO SUL,1
RS,CERRO LARGO,1
RS,CHAPADA,1
RS,CHARQUEADAS,2
RS,CHIAPETTA,1
RS,CHUI,1
RS,CHUVISCA,1
RS,CIDREIRA,1
RS,CIRIACO,1
RS,COLINAS,1
RS,COLORADO,1
RS,CONDOR,1
RS,CORONEL BARROS,1
RS,CORONEL BICACO,1
RS,CORONEL PILAR,1
RS,COTIPORA,1
RS,COXILHA,1
RS,CRUZ ALTA,4
RS,CRUZALTENSE,1
RS,CRUZEIRO DO SUL,1
RS,DERRUBADAS,1
RS,DOIS IRMAOS,1
RS,DOIS IRMAOS DAS MISSOES,1
RS,DOM FELICIANO,1
RS,DOM PEDRITO,2
RS,DOM PEDRO DE ALCANTARA,1
RS,DOUTOR MAURICIO CARDOSO,1
RS,DOUTOR RICARDO,1
RS,ELDORADO DO SUL,2
RS,ENCANTADO,1
RS,ENCRUZILHADA DO SUL,1
RS,ENTRE RIOS DO SUL,1
RS,ENTRE-IJUIS,1
RS,ERECHIM,6
RS,ERNESTINA,1
RS,ERVAL GRANDE,1
RS,ERVAL SECO,1
RS,ESMERALDA,1
RS,ESPUMOSO,1
RS,ESTACAO,1
RS,ESTANCIA VELHA,2
RS,ESTEIO,5
RS,ESTRELA,2
RS,ESTRELA VELHA,1
RS,EUGENIO DE CASTRO,1
RS,FAGUNDES VARELA,1
RS,FARROUPILHA,4
RS,FAXINAL DO SOTURNO,1
RS,FAZENDA VILANOVA,1
RS,FELIZ,1
RS,FONTOURA XAVIER,1
RS,FORMIGUEIRO,1
RS,FREDERICO WESTPHALEN,2
RS,GARIBALDI,2
RS,GENERAL CAMARA,1
RS,GETULIO VARGAS,1
RS,GIRUA,1
RS,GLORINHA,1
RS,GRAMADO,2
RS,GRAVATAI,16
RS,GUAIBA,6
RS,GUAPORE,1
RS,GUARANI DAS MISSOES,1
RS,HARMONIA,1
RS,HERVAL,1
RS,HORIZONTINA,1
RS,HUMAITA,1
RS,IBIACA,1
RS,IBIRAIARAS,1
RS,IBIRUBA,2
RS,IJUI,4
RS,IMBE,1
RS,INDEPENDENCIA,1
RS,IPE,1
RS,IPIRANGA DO SUL,1
RS,IRAI,1
RS,ITAARA,1
RS,ITACURUBI,1
RS,ITAQUI,2
RS,ITATIBA DO SUL,1
RS,IVORA,1
RS,IVOTI,1
RS,JABOTICABA,1
RS,JACUTINGA,1
RS,JAGUARAO,1
RS,JAGUARI,1
RS,JAQUIRANA,1
RS,JARI,1
RS,JOIA,1
RS,JULIO DE CASTILHOS,1
RS,LAGOA VERMELHA,2
RS,LAGOAO,1
RS,LAJEADO,5
RS,LAJEADO DO BUGRE,1
RS,LAVRAS DO SUL,1
RS,LINDOLFO COLLOR,1
RS,MACHADINHO,1
RS,MAMPITUBA,1
RS,MANOEL VIANA,1
RS,MAQUINE,1
RS,MARATA,1
RS,MARAU,2
RS,MARIANA PIMENTEL,1
RS,MARQUES DE SOUZA,1
RS,MATA,1
RS,MATO CASTELHANO,1
RS,MATO LEITAO,1
RS,MATO QUEIMADO,1
RS,MINAS DO LEAO,1
RS,MIRAGUAI,1
RS,MONTAURI,1
RS,MONTE BELO DO SUL,1
RS,MONTENEGRO,2
RS,MORRINHOS DO SUL,1
RS,MORRO REDONDO,1
RS,MORRO REUTER,1
RS,MOSTARDAS,1
RS,MUCUM,1
RS,MUITOS CAPOES,1
RS,NAO-ME-TOQUE,1
RS,NICOLAU VERGUEIRO,1
RS,NONOAI,1
RS,NOVA ARACA,1
RS,NOVA BASSANO,1
RS,NOVA BRESCIA,1
RS,NOVA HARTZ,1
RS,NOVA PADUA,1
RS,NOVA PALMA,1
RS,NOVA PETROPOLIS,1
RS,NOVA PRATA,1
RS,NOVA ROMA DO SUL,1
RS,NOVA SANTA RITA,2
RS,NOVO BARREIRO,1
RS,NOVO CABRAIS,1
RS,NOVO HAMBURGO,19
RS,NOVO MACHADO,1
RS,NOVO TIRADENTES,1
RS,NOVO XINGU,1
RS,OSORIO,3
RS,PAIM FILHO,1
RS,PALMARES DO SUL,1
RS,PALMEIRA DAS MISSOES,3
RS,PALMITINHO,1
RS,PANAMBI,2
RS,PANTANO GRANDE,1
RS,PARAI,1
RS,PARAISO DO SUL,1
RS,PARECI NOVO,1
RS,PAROBE,2
RS,PASSA SETE,1
RS,PASSO DO SOBRADO,1
RS,PASSO FUNDO,13
RS,PAVERAMA,1
RS,PEDRO OSORIO,1
RS,PEJUCARA,1
RS,PELOTAS,16
RS,PICADA CAFE,1
RS,PINHAL,1
RS,PINHAL GRANDE,1
RS,PINHEIRINHO DO VALE,1
RS,PINTO BANDEIRA,1
RS,PIRAPO,1
RS,PIRATINI,1
RS,PLANALTO,1
RS,POCO DAS ANTAS,1
RS,PONTAO,1
RS,PORTAO,2
RS,PORTO ALEGRE,87
RS,PORTO LUCENA,1
RS,POUSO NOVO,1
RS,PRESIDENTE LUCENA,1
RS,PROGRESSO,1
RS,QUARAI,1
RS,QUEVEDOS,1
RS,REDENTORA,1
RS,RESTINGA SECA,1
RS,RIO GRANDE,7
RS,RIO PARDO,2
RS,RIOZINHO,1
RS,ROCA SALES,1
RS,ROLANTE,1
RS,RONDINHA,1
RS,ROQUE GONZALES,1
RS,ROSARIO DO SUL,3
RS,SAGRADA FAMILIA,1
RS,SALDANHA MARINHO,1
RS,SALTO DO JACUI,1
RS,SALVADOR DAS MISSOES,1
RS,SALVADOR DO SUL,1
RS,SANANDUVA,1
RS,SANTA BARBARA DO SUL,1
RS,SANTA CLARA DO SUL,1
RS,SANTA CRUZ DO SUL,7
RS,SANTA MARGARIDA DO SUL,1
RS,SANTA MARIA,13
RS,SANTA MARIA DO HERVAL,1
RS,SANTA ROSA,5
RS,SANTA TEREZA,1
RS,SANTA VITORIA DO PALMAR,1
RS,SANTANA DA BOA VISTA,1
RS,SANTANA DO LIVRAMENTO,3
RS,SANTIAGO,3
RS,SANTO ANGELO,5
RS,SANTO ANTONIO DA PATRULHA,1
RS,SANTO ANTONIO DAS MISSOES,1
RS,SANTO ANTONIO DO PLANALTO,1
RS,SANTO AUGUSTO,1
RS,SANTO CRISTO,1
RS,SANTO EXPEDITO DO SUL,1
RS,SAO BORJA,4
RS,SAO DOMINGOS DO SUL,1
RS,SAO FRANCISCO DE ASSIS,1
RS,SAO FRANCISCO DE PAULA,1
RS,SAO GABRIEL,3
RS,SAO JERONIMO,1
RS,SAO JOAO DA URTIGA,1
RS,SAO JOAO DO POLESINE,1
RS,SAO JOSE DO HORTENCIO,1
RS,SAO JOSE DO INHACORA,1
RS,SAO JOSE DO NORTE,1
RS,SAO JOSE DO OURO,1
RS,SAO JOSE DO SUL,1
RS,SAO JOSE DOS AUSENTES,1
RS,SAO LEOPOLDO,14
RS,SAO LOURENCO DO SUL,2
RS,SAO LUIZ GONZAGA,2
RS,SAO MARCOS,1
RS,SAO MARTINHO,1
RS,SAO MARTINHO DA SERRA,1
RS,SAO MIGUEL DAS MISSOES,1
RS,SAO PEDRO DA SERRA,1
RS,SAO PEDRO DO BUTIA,1
RS,SAO PEDRO DO SUL,1
RS,SAO SEBASTIAO DO CAI,1
RS,SAO SEPE,1
RS,SAO VALENTIM,1
RS,SAO VICENTE DO SUL,1
RS,SAPIRANGA,4
RS,SAPUCAIA DO SUL,5
RS,SARANDI,1
RS,SEBERI,1
RS,SEDE NOVA,1
RS,SENTINELA DO SUL,1
RS,SERAFINA CORREA,1
RS,SERTAO,1
RS,SINIMBU,1
RS,SOBRADINHO,1
RS,SOLEDADE,2
RS,TABAI,1
RS,TAPEJARA,1
RS,TAPERA,1
RS,TAPES,1
RS,TAQUARA,2
RS,TAQUARI,2
RS,TAVARES,1
RS,TENENTE PORTELA,1
RS,TERRA DE AREIA,1
RS,TEUTONIA,2
RS,TIO HUGO,1
RS,TOROPI,1
RS,TORRES,2
RS,TRAMANDAI,3
RS,TRES ARROIOS,1
RS,TRES CACHOEIRAS,1
RS,TRES COROAS,1
RS,TRES PALMEIRAS,1
RS,TRES PASSOS,2
RS,TRINDADE DO SUL,1
RS,TRIUNFO,1
RS,TUPANCIRETA,1
RS,TUPANDI,1
RS,TUPARENDI,1
RS,UNISTALDA,1
RS,URUGUAIANA,6
RS,VACARIA,4
RS,VALE DO SOL,1
RS,VALE REAL,1
RS,VENANCIO AIRES,4
RS,VERA CRUZ,1
RS,VERANOPOLIS,1
RS,VIADUTOS,1
RS,VIAMAO,9
RS,VICENTE DUTRA,1
RS,VICTOR GRAEFF,1
RS,VILA LANGARO,1
RS,VILA MARIA,1
RS,VILA NOVA DO SUL,1
RS,VISTA ALEGRE,1
RS,VISTA GAUCHA,1
RS,VITORIA DAS MISSOES,1
RS,WESTFALIA,1
RS,XANGRI-LA,1
SC,ABELARDO LUZ,1
SC,AGROLANDIA,1
SC,AGRONOMICA,1
SC,AGUA DOCE,1
SC,AGUAS DE CHAPECO,1
SC,AGUAS MORNAS,1
SC,ALFREDO WAGNER,1
SC,ALTO BELA VISTA,1
SC,ANCHIETA,1
SC,ANGELINA,1
SC,ANITA GARIBALDI,1
SC,ANITAPOLIS,1
SC,ANTONIO CARLOS,1
SC,APIUNA,1
SC,ARABUTA,1
SC,ARAQUARI,1
SC,ARARANGUA,4
SC,ARMAZEM,1
SC,ARROIO TRINTA,1
SC,ARVOREDO,1
SC,ASCURRA,1
SC,ATALANTA,1
SC,AURORA,1
SC,BALNEARIO ARROIO DO SILVA,1
SC,BALNEARIO BARRA DO SUL,1
SC,BALNEARIO CAMBORIU,11
SC,BALNEARIO GAIVOTA,1
SC,BALNEARIO PICARRAS,1
SC,BALNEARIO RINCAO,1
SC,BANDEIRANTE,1
SC,BARRA VELHA,2
SC,BELA VISTA DO TOLDO,1
SC,BENEDITO NOVO,1
SC,BIGUACU,3
SC,BLUMENAU,22
SC,BOCAINA DO SUL,1
SC,BOM JARDIM DA SERRA,1
SC,BOM JESUS,1
SC,BOM JESUS DO OESTE,1
SC,BOM RETIRO,1
SC,BOMBINHAS,1
SC,BOTUVERA,1
SC,BRACO DO NORTE,2
SC,BRACO DO TROMBUDO,1
SC,BRUNOPOLIS,1
SC,BRUSQUE,7
SC,CACADOR,5
SC,CAIBI,1
SC,CAMBORIU,4
SC,CAMPO ALEGRE,1
SC,CAMPO BELO DO SUL,1
SC,CAMPO ERE,1
SC,CAMPOS NOVOS,2
SC,CANOINHAS,4
SC,CAPAO ALTO,1
SC,CAPINZAL,1
SC,CAPIVARI DE BAIXO,1
SC,CATANDUVAS,1
SC,CAXAMBU DO SUL,1
SC,CELSO RAMOS,1
SC,CERRO NEGRO,1
SC,CHAPADAO DO LAGEADO,1
SC,CHAPECO,12
SC,COCAL DO SUL,1
SC,CONCORDIA,5
SC,CORDILHEIRA ALTA,1
SC,CORONEL FREITAS,1
SC,CORONEL MARTINS,1
SC,CORREIA PINTO,1
SC,CORUPA,1
SC,CRICIUMA,14
SC,CUNHA PORA,1
SC,CUNHATAI,1
SC,CURITIBANOS,2
SC,DESCANSO,1
SC,DIONISIO CERQUEIRA,1
SC,DOUTOR PEDRINHO,1
SC,ENTRE RIOS,1
SC,ERMO,1
SC,ERVAL VELHO,1
SC,FAXINAL DOS GUEDES,1
SC,FLOR DO SERTAO,1
SC,FLORIANOPOLIS,37
SC,FORMOSA DO SUL,1
SC,FORQUILHINHA,1
SC,FRAIBURGO,3
SC,FREI ROGERIO,1
SC,GALVAO,1
SC,GAROPABA,1
SC,GARUVA,1
SC,GASPAR,5
SC,GOVERNADOR CELSO RAMOS,1
SC,GRAO PARA,1
SC,GRAVATAL,1
SC,GUABIRUBA,1
SC,GUARACIABA,1
SC,GUARAMIRIM,1
SC,GUARUJA DO SUL,1
SC,GUATAMBU,1
SC,HERVAL D OESTE,1
SC,IBIAM,1
SC,IBICARE,1
SC,IBIRAMA,1
SC,ICARA,2
SC,ILHOTA,1
SC,IMARUI,1
SC,IMBITUBA,3
SC,IMBUIA,1
SC,INDAIAL,3
SC,IOMERE,1
SC,IPIRA,1
SC,IPORA DO OESTE,1
SC,IPUACU,1
SC,IPUMIRIM,1
SC,IRACEMINHA,1
SC,IRANI,1
SC,IRATI,1
SC,IRINEOPOLIS,1
SC,ITA,1
SC,ITAIOPOLIS,1
SC,ITAJAI,9
SC,ITAPEMA,2
SC,ITAPIRANGA,1
SC,ITAPOA,1
SC,ITUPORANGA,1
SC,JABORA,1
SC,JACINTO MACHADO,1
SC,JAGUARUNA,1
SC,JARAGUA DO SUL,9
SC,JARDINOPOLIS,1
SC,JOACABA,2
SC,JOINVILLE,35
SC,LACERDOPOLIS,1
SC,LAGES,11
SC,LAGUNA,2
SC,LAURENTINO,1
SC,LAURO MULLER,1
SC,LEBON REGIS,1
SC,LEOBERTO LEAL,1
SC,LINDOIA DO SUL,1
SC,LONTRAS,1
SC,LUIZ ALVES,1
SC,LUZERNA,1
SC,MACIEIRA,1
SC,MAFRA,3
SC,MAJOR GERCINO,1
SC,MAJOR VIEIRA,1
SC,MARACAJA,1
SC,MARAVILHA,1
SC,MAREMA,1
SC,MASSARANDUBA,1
SC,MELEIRO,1
SC,MIRIM DOCE,1
SC,MODELO,1
SC,MONDAI,1
SC,MONTE CARLO,1
SC,MONTE CASTELO,1
SC,MORRO DA FUMACA,1
SC,MORRO GRANDE,1
SC,NAVEGANTES,4
SC,NOVA ERECHIM,1
SC,NOVA ITABERABA,1
SC,NOVA TRENTO,1
SC,NOVA VENEZA,1
SC,NOVO HORIZONTE,1
SC,ORLEANS,1
SC,OTACILIO COSTA,1
SC,OURO,1
SC,OURO VERDE,1
SC,PALHOCA,10
SC,PALMA SOLA,1
SC,PALMEIRA,1
SC,PALMITOS,1
SC,PAPANDUVA,1
SC,PARAISO,1
SC,PASSO DE TORRES,1
SC,PASSOS MAIA,1
SC,PAULO LOPES,1
SC,PEDRAS GRANDES,1
SC,PENHA,2
SC,PERITIBA,1
SC,PESCARIA BRAVA,1
SC,PETROLANDIA,1
SC,PINHALZINHO,1
SC,PINHEIRO PRETO,1
SC,PIRATUBA,1
SC,PLANALTO ALEGRE,1
SC,POMERODE,2
SC,PONTE ALTA,1
SC,PONTE ALTA DO NORTE,1
SC,PONTE SERRADA,1
SC,PORTO BELO,1
SC,PORTO UNIAO,2
SC,POUSO REDONDO,1
SC,PRAIA GRANDE,1
SC,PRESIDENTE GETULIO,1
SC,PRESIDENTE NEREU,1
SC,PRINCESA,1
SC,QUILOMBO,1
SC,RANCHO QUEIMADO,1
SC,RIO DAS ANTAS,1
SC,RIO DO CAMPO,1
SC,RIO DO SUL,6
SC,RIO DOS CEDROS,1
SC,RIO FORTUNA,1
SC,RIO NEGRINHO,2
SC,RIO RUFINO,1
SC,RODEIO,1
SC,ROMELANDIA,1
SC,SALETE,1
SC,SALTINHO,1
SC,SALTO VELOSO,1
SC,SANGAO,1
SC,SANTA CECILIA,1
SC,SANTA HELENA,1
SC,SANTA ROSA DE LIMA,1
SC,SANTA ROSA DO SUL,1
SC,SANTA TEREZINHA,1
SC,SANTA TEREZINHA DO PROGRESSO,1
SC,SANTO AMARO DA IMPERATRIZ,1
SC,SAO BENTO DO SUL,3
SC,SAO BERNARDINO,1
SC,SAO BONIFACIO,1
SC,SAO CARLOS,1
SC,SAO CRISTOVAO DO SUL,1
SC,SAO DOMINGOS,1
SC,SAO FRANCISCO DO SUL,2
SC,SAO JOAO BATISTA,1
SC,SAO JOAO DO ITAPERIU,1
SC,SAO JOAO DO SUL,1
SC,SAO JOAQUIM,1
SC,SAO JOSE,12
SC,SAO JOSE DO CEDRO,1
SC,SAO JOSE DO CERRITO,1
SC,SAO LOURENCO DO OESTE,1
SC,SAO LUDGERO,1
SC,SAO MARTINHO,1
SC,SAO MIGUEL DA BOA VISTA,1
SC,SAO MIGUEL DO OESTE,3
SC,SAO PEDRO DE ALCANTARA,1
SC,SAUDADES,1
SC,SEARA,1
SC,SERRA ALTA,1
SC,SIDEROPOLIS,1
SC,SOMBRIO,2
SC,SUL BRASIL,1
SC,TAIO,1
SC,TANGARA,1
SC,TIGRINHOS,1
SC,TIJUCAS,2
SC,TIMBE DO SUL,1
SC,TIMBO,3
SC,TIMBO GRANDE,1
SC,TRES BARRAS,1
SC,TREVISO,1
SC,TREZE DE MAIO,1
SC,TREZE TILIAS,1
SC,TROMBUDO CENTRAL,1
SC,TUBARAO,6
SC,TUNAPOLIS,1
SC,TURVO,1
SC,UNIAO DO OESTE,1
SC,URUBICI,1
SC,URUPEMA,1
SC,URUSSANGA,1
SC,VARGEAO,1
SC,VARGEM,1
SC,VARGEM BONITA,1
SC,VIDAL RAMOS,1
SC,VIDEIRA,2
SC,VITOR MEIRELES,1
SC,WITMARSUM,1
SC,XANXERE,4
SC,XAVANTINA,1
SC,XAXIM,2
SC,ZORTEA,1
SE,AMPARO DE SAO FRANCISCO,1
SE,AQUIDABA,1
SE,ARACAJU,42
SE,ARAUA,1
SE,AREIA BRANCA,1
SE,BARRA DOS COQUEIROS,1
SE,BOQUIM,1
SE,BREJO GRANDE,1
SE,CANHOBA,1
SE,CANINDE DE SAO FRANCISCO,1
SE,CAPELA,1
SE,CARIRA,1
SE,CARMOPOLIS,2
SE,CEDRO DE SAO JOAO,1
SE,CRISTINAPOLIS,1
SE,CUMBE,1
SE,DIVINA PASTORA,1
SE,ESTANCIA,4
SE,FEIRA NOVA,1
SE,FREI PAULO,1
SE,GARARU,1
SE,GENERAL MAYNARD,1
SE,GRACHO CARDOSO,1
SE,ILHA DAS FLORES,1
SE,INDIAROBA,1
SE,ITABAIANA,7
SE,ITABAIANINHA,2
SE,ITABI,1
SE,ITAPORANGA D AJUDA,2
SE,JAPARATUBA,1
SE,JAPOATA,1
SE,LAGARTO,7
SE,LARANJEIRAS,1
SE,MACAMBIRA,1
SE,MALHADA DOS BOIS,1
SE,MALHADOR,1
SE,MARUIM,1
SE,MOITA BONITA,1
SE,MONTE ALEGRE DE SERGIPE,1
SE,MURIBECA,1
SE,NEOPOLIS,1
SE,NOSSA SENHORA APARECIDA,1
SE,NOSSA SENHORA DA GLORIA,2
SE,NOSSA SENHORA DAS DORES,1
SE,NOSSA SENHORA DE LOURDES,1
SE,NOSSA SENHORA DO SOCORRO,5
SE,PACATUBA,1
SE,PEDRA MOLE,1
SE,PEDRINHAS,1
SE,PINHAO,1
SE,PIRAMBU,1
SE,POCO REDONDO,1
SE,POCO VERDE,1
SE,PORTO DA FOLHA,1
SE,PROPRIA,2
SE,RIACHAO DO DANTAS,1
SE,RIACHUELO,1
SE,RIBEIROPOLIS,1
SE,ROSARIO DO CATETE,1
SE,SALGADO,1
SE,SANTA ROSA DE LIMA,1
SE,SANTANA DO SAO FRANCISCO,1
SE,SANTO AMARO DAS BROTAS,1
SE,SAO CRISTOVAO,3
SE,SAO DOMINGOS,1
SE,SAO FRANCISCO,1
SE,SAO MIGUEL DO ALEIXO,1
SE,SIMAO DIAS,3
SE,SIRIRI,1
SE,TELHA,1
SE,TOBIAS BARRETO,2
SE,TOMAR DO GERU,1
SE,UMBAUBA,1
SP,ADAMANTINA,2
SP,ADOLFO,1
SP,AGUAI,2
SP,AGUAS DA PRATA,1
SP,AGUAS DE LINDOIA,1
SP,AGUAS DE SANTA BARBARA,1
SP,AGUAS DE SAO PEDRO,1
SP,AGUDOS,2
SP,ALAMBARI,1
SP,ALFREDO MARCONDES,1
SP,ALTAIR,1
SP,ALTINOPOLIS,1
SP,ALTO ALEGRE,1
SP,ALVARES FLORENCE,1
SP,ALVARES MACHADO,2
SP,ALVARO DE CARVALHO,1
SP,ALVINLANDIA,1
SP,AMERICANA,14
SP,AMERICO BRASILIENSE,2
SP,AMERICO DE CAMPOS,1
SP,AMPARO,4
SP,ANALANDIA,1
SP,ANDRADINA,4
SP,ANGATUBA,1
SP,ANHUMAS,1
SP,APARECIDA,3
SP,APARECIDA D OESTE,1
SP,APIAI,1
SP,ARACARIGUAMA,1
SP,ARACATUBA,13
SP,ARACOIABA DA SERRA,1
SP,ARAMINA,1
SP,ARAPEI,1
SP,ARARAQUARA,13
SP,ARARAS,8
SP,ARCO-IRIS,1
SP,AREIAS,1
SP,AREIOPOLIS,1
SP,ARIRANHA,1
SP,ARTUR NOGUEIRA,2
SP,ARUJA,2
SP,ASPASIA,1
SP,ASSIS,6
SP,ATIBAIA,9
SP,AURIFLAMA,1
SP,AVAI,1
SP,AVANHANDAVA,1
SP,AVARE,7
SP,BADY BASSITT,1
SP,BALBINOS,1
SP,BALSAMO,1
SP,BARAO DE ANTONINA,1
SP,BARBOSA,1
SP,BARIRI,2
SP,BARRA BONITA,2
SP,BARRA DO TURVO,1
SP,BARRETOS,8
SP,BARRINHA,1
SP,BARUERI,12
SP,BASTOS,1
SP,BATATAIS,2
SP,BAURU,24
SP,BEBEDOURO,6
SP,BENTO DE ABREU,1
SP,BERNARDINO DE CAMPOS,1
SP,BERTIOGA,4
SP,BILAC,1
SP,BIRIGUI,7
SP,BIRITIBA-MIRIM,2
SP,BOA ESPERANCA DO SUL,1
SP,BOCAINA,1
SP,BOFETE,1
SP,BOITUVA,2
SP,BOM JESUS DOS PERDOES,1
SP,BOM SUCESSO DE ITARARE,1
SP,BORA,1
SP,BORACEIA,1
SP,BORBOREMA,1
SP,BOTUCATU,11
SP,BRAGANCA PAULISTA,9
SP,BRAUNA,1
SP,BREJO ALEGRE,1
SP,BRODOWSKI,2
SP,BROTAS,2
SP,BURI,1
SP,BURITAMA,1
SP,BURITIZAL,1
SP,CABRALIA PAULISTA,1
SP,CABREUVA,2
SP,CACAPAVA,6
SP,CACHOEIRA PAULISTA,3
SP,CACONDE,1
SP,CAFELANDIA,1
SP,CAIABU,1
SP,CAIEIRAS,5
SP,CAIUA,1
SP,CAJAMAR,5
SP,CAJATI,1
SP,CAJOBI,1
SP,CAJURU,1
SP,CAMPINA DO MONTE ALEGRE,1
SP,CAMPINAS,68
SP,CAMPO LIMPO PAULISTA,3
SP,CAMPOS DO JORDAO,3
SP,CAMPOS NOVOS PAULISTA,1
SP,CANANEIA,1
SP,CANAS,1
SP,CANDIDO MOTA,2
SP,CANDIDO RODRIGUES,1
SP,CANITAR,1
SP,CAPAO BONITO,3
SP,CAPELA DO ALTO,1
SP,CAPIVARI,2
SP,CARAGUATATUBA,7
SP,CARAPICUIBA,14
SP,CARDOSO,1
SP,CASA BRANCA,1
SP,CASSIA DOS COQUEIROS,1
SP,CASTILHO,1
SP,CATANDUVA,8
SP,CATIGUA,1
SP,CEDRAL,1
SP,CERQUEIRA CESAR,1
SP,CERQUILHO,2
SP,CESARIO LANGE,1
SP,CHARQUEADA,1
SP,CHAVANTES,1
SP,CLEMENTINA,1
SP,COLINA,1
SP,COLOMBIA,1
SP,CONCHAL,1
SP,CONCHAS,1
SP,CORDEIROPOLIS,1
SP,COROADOS,1
SP,CORONEL MACEDO,1
SP,CORUMBATAI,1
SP,COSMOPOLIS,3
SP,COSMORAMA,1
SP,COTIA,9
SP,CRAVINHOS,2
SP,CRISTAIS PAULISTA,1
SP,CRUZALIA,1
SP,CRUZEIRO,4
SP,CUBATAO,6
SP,CUNHA,1
SP,DESCALVADO,2
SP,DIADEMA,23
SP,DIRCE REIS,1
SP,DIVINOLANDIA,1
SP,DOIS CORREGOS,1
SP,DOLCINOPOLIS,1
SP,DOURADO,1
SP,DRACENA,3
SP,DUARTINA,1
SP,DUMONT,1
SP,ECHAPORA,1
SP,ELDORADO,1
SP,ELIAS FAUSTO,1
SP,ELISIARIO,1
SP,EMBAUBA,1
SP,EMBU,11
SP,EMBU-GUACU,3
SP,EMILIANOPOLIS,1
SP,ENGENHEIRO COELHO,1
SP,ESPIRITO SANTO DO PINHAL,3
SP,ESPIRITO SANTO DO TURVO,1
SP,ESTIVA GERBI,1
SP,ESTRELA D OESTE,1
SP,ESTRELA DO NORTE,1
SP,EUCLIDES DA CUNHA PAULISTA,1
SP,FARTURA,1
SP,FERNANDO PRESTES,1
SP,FERNANDOPOLIS,5
SP,FERNAO,1
SP,FERRAZ DE VASCONCELOS,8
SP,FLORA RICA,1
SP,FLOREAL,1
SP,FLORIDA PAULISTA,1
SP,FLORINIA,1
SP,FRANCA,21
SP,FRANCISCO MORATO,7
SP,FRANCO DA ROCHA,8
SP,GABRIEL MONTEIRO,1
SP,GALIA,1
SP,GARCA,3
SP,GASTAO VIDIGAL,1
SP,GAVIAO PEIXOTO,1
SP,GENERAL SALGADO,1
SP,GETULINA,1
SP,GLICERIO,1
SP,GUAICARA,1
SP,GUAIMBE,1
SP,GUAIRA,2
SP,GUAPIACU,1
SP,GUAPIARA,1
SP,GUARA,1
SP,GUARACAI,1
SP,GUARACI,1
SP,GUARANI D OESTE,1
SP,GUARANTA,1
SP,GUARARAPES,2
SP,GUARAREMA,1
SP,GUARATINGUETA,5
SP,GUAREI,1
SP,GUARIBA,2
SP,GUARUJA,15
SP,GUARULHOS,53
SP,GUATAPARA,1
SP,GUZOLANDIA,1
SP,HERCULANDIA,1
SP,HOLAMBRA,1
SP,HORTOLANDIA,7
SP,IACRI,1
SP,IARAS,1
SP,IBATE,2
SP,IBIRA,1
SP,IBIRAREMA,1
SP,IBITINGA,4
SP,IBIUNA,3
SP,ICEM,1
SP,IEPE,1
SP,IGARACU DO TIETE,1
SP,IGARAPAVA,1
SP,IGARATA,1
SP,IGUAPE,2
SP,ILHA COMPRIDA,1
SP,ILHA SOLTEIRA,2
SP,ILHABELA,2
SP,INDAIATUBA,11
SP,INDIANA,1
SP,INDIAPORA,1
SP,INUBIA PAULISTA,1
SP,IPAUSSU,1
SP,IPERO,1
SP,IPEUNA,1
SP,IPIGUA,1
SP,IPORANGA,1
SP,IPUA,1
SP,IRACEMAPOLIS,1
SP,IRAPUA,1
SP,IRAPURU,1
SP,ITABERA,1
SP,ITAI,1
SP,ITAJOBI,1
SP,ITAJU,1
SP,ITANHAEM,5
SP,ITAPECERICA DA SERRA,7
SP,ITAPETININGA,8
SP,ITAPEVA,6
SP,ITAPEVI,9
SP,ITAPIRA,5
SP,ITAPIRAPUA PAULISTA,1
SP,ITAPOLIS,3
SP,ITAPORANGA,1
SP,ITAPUI,1
SP,ITAPURA,1
SP,ITAQUAQUECETUBA,13
SP,ITARARE,2
SP,ITARIRI,1
SP,ITATIBA,7
SP,ITATINGA,1
SP,ITIRAPINA,1
SP,ITOBI,1
SP,ITU,9
SP,ITUPEVA,2
SP,ITUVERAVA,2
SP,JABORANDI,1
SP,JABOTICABAL,4
SP,JACAREI,12
SP,JACI,1
SP,JACUPIRANGA,1
SP,JAGUARIUNA,3
SP,JAMBEIRO,1
SP,JANDIRA,4
SP,JARDINOPOLIS,2
SP,JARINU,1
SP,JAU,9
SP,JERIQUARA,1
SP,JOANOPOLIS,1
SP,JOAO RAMALHO,1
SP,JOSE BONIFACIO,2
SP,JULIO MESQUITA,1
SP,JUMIRIM,1
SP,JUNDIAI,25
SP,JUNQUEIROPOLIS,1
SP,JUQUIA,1
SP,JUQUITIBA,2
SP,LAGOINHA,1
SP,LARANJAL PAULISTA,2
SP,LAVINIA,1
SP,LAVRINHAS,1
SP,LEME,6
SP,LENCOIS PAULISTA,4
SP,LIMEIRA,17
SP,LINDOIA,1
SP,LINS,5
SP,LORENA,4
SP,LOURDES,1
SP,LOUVEIRA,1
SP,LUCELIA,1
SP,LUCIANOPOLIS,1
SP,LUIS ANTONIO,1
SP,LUIZIANIA,1
SP,LUPERCIO,1
SP,LUTECIA,1
SP,MACATUBA,1
SP,MACAUBAL,1
SP,MACEDONIA,1
SP,MAGDA,1
SP,MAIRINQUE,2
SP,MAIRIPORA,4
SP,MANDURI,1
SP,MARABA PAULISTA,1
SP,MARACAI,1
SP,MARAPOAMA,1
SP,MARIAPOLIS,1
SP,MARILIA,16
SP,MARINOPOLIS,1
SP,MARTINOPOLIS,2
SP,MATAO,5
SP,MAUA,14
SP,MENDONCA,1
SP,MERIDIANO,1
SP,MESOPOLIS,1
SP,MIGUELOPOLIS,1
SP,MINEIROS DO TIETE,1
SP,MIRA ESTRELA,1
SP,MIRACATU,1
SP,MIRANDOPOLIS,2
SP,MIRANTE DO PARANAPANEMA,1
SP,MIRASSOL,3
SP,MIRASSOLANDIA,1
SP,MOCOCA,3
SP,MOGI DAS CRUZES,25
SP,MOGI GUACU,7
SP,MOJI MIRIM,5
SP,MOMBUCA,1
SP,MONCOES,1
SP,MONGAGUA,3
SP,MONTE ALEGRE DO SUL,1
SP,MONTE ALTO,3
SP,MONTE APRAZIVEL,1
SP,MONTE AZUL PAULISTA,1
SP,MONTE CASTELO,1
SP,MONTE MOR,2
SP,MONTEIRO LOBATO,1
SP,MORRO AGUDO,1
SP,MORUNGABA,1
SP,MOTUCA,1
SP,MURUTINGA DO SUL,1
SP,NANTES,1
SP,NARANDIBA,1
SP,NAZARE PAULISTA,2
SP,NEVES PAULISTA,1
SP,NHANDEARA,1
SP,NIPOA,1
SP,NOVA ALIANCA,1
SP,NOVA CAMPINA,1
SP,NOVA CANAA PAULISTA,1
SP,NOVA CASTILHO,1
SP,NOVA EUROPA,1
SP,NOVA GRANADA,1
SP,NOVA GUATAPORANGA,1
SP,NOVA INDEPENDENCIA,1
SP,NOVA LUZITANIA,1
SP,NOVA ODESSA,3
SP,NOVAIS,1
SP,NOVO HORIZONTE,2
SP,NUPORANGA,1
SP,OCAUCU,1
SP,OLEO,1
SP,OLIMPIA,3
SP,ONDA VERDE,1
SP,ORIENTE,1
SP,ORINDIUVA,1
SP,ORLANDIA,3
SP,OSASCO,36
SP,OSCAR BRESSANE,1
SP,OSVALDO CRUZ,2
SP,OURINHOS,8
SP,OURO VERDE,1
SP,OUROESTE,1
SP,PACAEMBU,1
SP,PALESTINA,1
SP,PALMARES PAULISTA,1
SP,PALMEIRA D OESTE,1
SP,PALMITAL,1
SP,PANORAMA,1
SP,PARAGUACU PAULISTA,3
SP,PARAIBUNA,1
SP,PARAISO,1
SP,PARANAPANEMA,2
SP,PARANAPUA,1
SP,PARAPUA,1
SP,PARDINHO,1
SP,PARISI,1
SP,PATROCINIO PAULISTA,1
SP,PAULICEIA,1
SP,PAULINIA,6
SP,PAULISTANIA,1
SP,PAULO DE FARIA,1
SP,PEDERNEIRAS,3
SP,PEDRA BELA,1
SP,PEDRANOPOLIS,1
SP,PEDREGULHO,1
SP,PEDREIRA,3
SP,PEDRINHAS PAULISTA,1
SP,PEDRO DE TOLEDO,1
SP,PENAPOLIS,4
SP,PEREIRA BARRETO,2
SP,PEREIRAS,1
SP,PERUIBE,4
SP,PIACATU,1
SP,PIEDADE,2
SP,PILAR DO SUL,1
SP,PINDAMONHANGABA,9
SP,PINDORAMA,1
SP,PINHALZINHO,1
SP,PIQUEROBI,1
SP,PIQUETE,1
SP,PIRACAIA,1
SP,PIRACICABA,22
SP,PIRAJU,2
SP,PIRAJUI,1
SP,PIRANGI,1
SP,PIRAPORA DO BOM JESUS,1
SP,PIRAPOZINHO,2
SP,PIRASSUNUNGA,5
SP,PIRATININGA,1
SP,PITANGUEIRAS,2
SP,PLANALTO,1
SP,PLATINA,1
SP,POA,4
SP,POLONI,1
SP,POMPEIA,1
SP,PONGAI,1
SP,PONTAL,2
SP,PONTALINDA,1
SP,PONTES GESTAL,1
SP,POPULINA,1
SP,PORANGABA,1
SP,PORTO FELIZ,3
SP,PORTO FERREIRA,3
SP,POTIM,1
SP,POTIRENDABA,1
SP,PRACINHA,1
SP,PRADOPOLIS,1
SP,PRAIA GRANDE,15
SP,PRATANIA,1
SP,PRESIDENTE ALVES,1
SP,PRESIDENTE BERNARDES,1
SP,PRESIDENTE EPITACIO,4
SP,PRESIDENTE PRUDENTE,15
SP,PRESIDENTE VENCESLAU,3
SP,PROMISSAO,2
SP,QUADRA,1
SP,QUATA,1
SP,QUEIROZ,1
SP,QUELUZ,1
SP,QUINTANA,1
SP,RAFARD,1
SP,RANCHARIA,2
SP,REDENCAO DA SERRA,1
SP,REGENTE FEIJO,2
SP,REGINOPOLIS,1
SP,REGISTRO,3
SP,RESTINGA,1
SP,RIBEIRA,1
SP,RIBEIRAO BONITO,1
SP,RIBEIRAO CORRENTE,1
SP,RIBEIRAO DO SUL,1
SP,RIBEIRAO DOS INDIOS,1
SP,RIBEIRAO PIRES,8
SP,RIBEIRAO PRETO,39
SP,RIFAINA,1
SP,RINCAO,1
SP,RINOPOLIS,1
SP,RIO CLARO,12
SP,RIO DAS PEDRAS,1
SP,RIO GRANDE DA SERRA,2
SP,RIOLANDIA,1
SP,RIVERSUL,1
SP,ROSANA,2
SP,ROSEIRA,1
SP,RUBIACEA,1
SP,RUBINEIA,1
SP,SABINO,1
SP,SALES,1
SP,SALES OLIVEIRA,1
SP,SALESOPOLIS,1
SP,SALMOURAO,1
SP,SALTINHO,1
SP,SALTO,5
SP,SALTO DE PIRAPORA,2
SP,SALTO GRANDE,1
SP,SANDOVALINA,1
SP,SANTA ADELIA,1
SP,SANTA ALBERTINA,1
SP,SANTA BARBARA D OESTE,10
SP,SANTA BRANCA,1
SP,SANTA CLARA D OESTE,1
SP,SANTA CRUZ DA CONCEICAO,1
SP,SANTA CRUZ DAS PALMEIRAS,2
SP,SANTA CRUZ DO RIO PARDO,2
SP,SANTA FE DO SUL,2
SP,SANTA GERTRUDES,1
SP,SANTA ISABEL,1
SP,SANTA LUCIA,1
SP,SANTA MARIA DA SERRA,1
SP,SANTA MERCEDES,1
SP,SANTA RITA D OESTE,1
SP,SANTA RITA DO PASSA QUATRO,2
SP,SANTA ROSA DE VITERBO,2
SP,SANTA SALETE,1
SP,SANTANA DA PONTE PENSA,1
SP,SANTANA DE PARNAIBA,7
SP,SANTO ANASTACIO,2
SP,SANTO ANDRE,40
SP,SANTO ANTONIO DA ALEGRIA,1
SP,SANTO ANTONIO DO ARACANGUA,1
SP,SANTO ANTONIO DO JARDIM,1
SP,SANTO ANTONIO DO PINHAL,1
SP,SANTO EXPEDITO,1
SP,SANTOPOLIS DO AGUAPEI,1
SP,SANTOS,24
SP,SAO BENTO DO SAPUCAI,1
SP,SAO BERNARDO DO CAMPO,40
SP,SAO CAETANO DO SUL,14
SP,SAO CARLOS,15
SP,SAO FRANCISCO,1
SP,SAO JOAO DA BOA VISTA,5
SP,SAO JOAO DAS DUAS PONTES,1
SP,SAO JOAO DE IRACEMA,1
SP,SAO JOAO DO PAU D ALHO,1
SP,SAO JOAQUIM DA BARRA,3
SP,SAO JOSE DA BELA VISTA,1
SP,SAO JOSE DO BARREIRO,1
SP,SAO JOSE DO RIO PARDO,3
SP,SAO JOSE DO RIO PRETO,39
SP,SAO JOSE DOS CAMPOS,46
SP,SAO LOURENCO DA SERRA,1
SP,SAO LUIS DO PARAITINGA,1
SP,SAO MANUEL,2
SP,SAO MIGUEL ARCANJO,2
SP,SAO PAULO,728
SP,SAO PEDRO,2
SP,SAO PEDRO DO TURVO,1
SP,SAO ROQUE,6
SP,SAO SEBASTIAO,5
SP,SAO SEBASTIAO DA GRAMA,1
SP,SAO SIMAO,1
SP,SAO VICENTE,17
SP,SARAPUI,1
SP,SARUTAIA,1
SP,SEBASTIANOPOLIS DO SUL,1
SP,SERRA AZUL,1
SP,SERRA NEGRA,2
SP,SERRANA,2
SP,SERTAOZINHO,7
SP,SETE BARRAS,1
SP,SEVERINIA,1
SP,SILVEIRAS,1
SP,SOCORRO,2
SP,SOROCABA,35
SP,SUD MENNUCCI,1
SP,SUMARE,9
SP,SUZANAPOLIS,1
SP,SUZANO,15
SP,TABAPUA,1
SP,TABATINGA,1
SP,TABOAO DA SERRA,12
SP,TACIBA,1
SP,TAGUAI,1
SP,TAIACU,1
SP,TAIUVA,1
SP,TAMBAU,1
SP,TANABI,1
SP,TAPIRAI,1
SP,TAPIRATIBA,1
SP,TAQUARAL,1
SP,TAQUARITINGA,4
SP,TAQUARITUBA,2
SP,TAQUARIVAI,1
SP,TARABAI,1
SP,TARUMA,1
SP,TATUI,9
SP,TAUBATE,18
SP,TEJUPA,1
SP,TEODORO SAMPAIO,1
SP,TERRA ROXA,1
SP,TIETE,2
SP,TIMBURI,1
SP,TORRE DE PEDRA,1
SP,TORRINHA,1
SP,TRABIJU,1
SP,TREMEMBE,2
SP,TRES FRONTEIRAS,1
SP,TUIUTI,1
SP,TUPA,4
SP,TUPI PAULISTA,1
SP,TURIUBA,1
SP,TURMALINA,1
SP,UBARANA,1
SP,UBATUBA,4
SP,UBIRAJARA,1
SP,UCHOA,1
SP,UNIAO PAULISTA,1
SP,URANIA,1
SP,URU,1
SP,URUPES,1
SP,VALENTIM GENTIL,1
SP,VALINHOS,6
SP,VALPARAISO,1
SP,VARGEM,1
SP,VARGEM GRANDE DO SUL,2
SP,VARGEM GRANDE PAULISTA,2
SP,VARZEA PAULISTA,4
SP,VERA CRUZ,1
SP,VINHEDO,3
SP,VIRADOURO,1
SP,VISTA ALEGRE DO ALTO,1
SP,VITORIA BRASIL,1
SP,VOTORANTIM,6
SP,VOTUPORANGA,7
SP,ZACARIAS,1
TO,ABREULANDIA,1
TO,AGUIARNOPOLIS,1
TO,ALIANCA DO TOCANTINS,1
TO,ALMAS,1
TO,ALVORADA,1
TO,ANANAS,1
TO,ANGICO,1
TO,APARECIDA DO RIO NEGRO,1
TO,ARAGOMINAS,1
TO,ARAGUACEMA,1
TO,ARAGUACU,1
TO,ARAGUAINA,9
TO,ARAGUATINS,1
TO,ARAPOEMA,1
TO,ARRAIAS,1
TO,AUGUSTINOPOLIS,1
TO,AURORA DO TOCANTINS,1
TO,AXIXA DO TOCANTINS,1
TO,BABACULANDIA,1
TO,BARROLANDIA,1
TO,BERNARDO SAYAO,1
TO,BRASILANDIA DO TOCANTINS,1
TO,BREJINHO DE NAZARE,1
TO,BURITI DO TOCANTINS,1
TO,CACHOEIRINHA,1
TO,CAMPOS LINDOS,1
TO,CARIRI DO TOCANTINS,1
TO,CARMOLANDIA,1
TO,CARRASCO BONITO,1
TO,CASEARA,1
TO,CENTENARIO,1
TO,CHAPADA DA NATIVIDADE,1
TO,COLINAS DO TOCANTINS,1
TO,COLMEIA,1
TO,COMBINADO,1
TO,CONCEICAO DO TOCANTINS,1
TO,COUTO DE MAGALHAES,1
TO,CRISTALANDIA,1
TO,CRIXAS DO TOCANTINS,1
TO,DARCINOPOLIS,1
TO,DIANOPOLIS,1
TO,DIVINOPOLIS DO TOCANTINS,1
TO,DOIS IRMAOS DO TOCANTINS,1
TO,DUERE,1
TO,ESPERANTINA,1
TO,FATIMA,1
TO,FIGUEIROPOLIS,1
TO,FORMOSO DO ARAGUAIA,1
TO,GOIANORTE,1
TO,GOIATINS,1
TO,GUARAI,1
TO,GURUPI,6
TO,IPUEIRAS,1
TO,ITACAJA,1
TO,ITAGUATINS,1
TO,ITAPORA DO TOCANTINS,1
TO,JAU DO TOCANTINS,1
TO,JUARINA,1
TO,LAGOA DA CONFUSAO,1
TO,LAGOA DO TOCANTINS,1
TO,LIZARDA,1
TO,LUZINOPOLIS,1
TO,MARIANOPOLIS DO TOCANTINS,1
TO,MAURILANDIA DO TOCANTINS,1
TO,MIRACEMA DO TOCANTINS,1
TO,NATIVIDADE,1
TO,NAZARE,1
TO,NOVA OLINDA,1
TO,NOVA ROSALANDIA,1
TO,NOVO ACORDO,1
TO,NOVO ALEGRE,1
TO,NOVO JARDIM,1
TO,PALMAS,14
TO,PALMEIRANTE,1
TO,PALMEIROPOLIS,1
TO,PARAISO DO TOCANTINS,2
TO,PARANA,1
TO,PAU D ARCO,1
TO,PEDRO AFONSO,1
TO,PEIXE,1
TO,PINDORAMA DO TOCANTINS,1
TO,PIUM,1
TO,PONTE ALTA DO BOM JESUS,1
TO,PONTE ALTA DO TOCANTINS,1
TO,PORTO ALEGRE DO TOCANTINS,1
TO,PORTO NACIONAL,3
TO,PRAIA NORTE,1
TO,PRESIDENTE KENNEDY,1
TO,PUGMIL,1
TO,RECURSOLANDIA,1
TO,RIACHINHO,1
TO,RIO DA CONCEICAO,1
TO,SAMPAIO,1
TO,SANDOLANDIA,1
TO,SANTA FE DO ARAGUAIA,1
TO,SANTA MARIA DO TOCANTINS,1
TO,SANTA ROSA DO TOCANTINS,1
TO,SANTA TEREZA DO TOCANTINS,1
TO,SANTA TEREZINHA DO TOCANTINS,1
TO,SAO BENTO DO TOCANTINS,1
TO,SAO MIGUEL DO TOCANTINS,1
TO,SAO SALVADOR DO TOCANTINS,1
TO,SAO SEBASTIAO DO TOCANTINS,1
TO,SAO VALERIO DA NATIVIDADE,1
TO,SILVANOPOLIS,1
TO,SITIO NOVO DO TOCANTINS,1
TO,SUCUPIRA,1
TO,TAGUATINGA,1
TO,TAIPAS DO TOCANTINS,1
TO,TOCANTINIA,1
TO,TOCANTINOPOLIS,1
TO,TUPIRAMA,1
TO,TUPIRATINS,1
TO,WANDERLANDIA,1
TO,XAMBIOA,1
